,confirmed_daily_ehma,deaths_daily_ehma,recovered_daily_ehma,prevalence_daily_ehma,incidence_rate_ehma,mortality_ehma,cfr_daily_ehma,cfr_cumulative_ehma
1/22/20,745.1071428571429,14.535714285714286,16.32142857142857,2921.535714285714,0.01,0.0,1.9278571428571434,2.6025
1/23/20,918.6492048504055,17.745031325356436,16.541629886557303,3577.2530645297966,0.012623675244087012,0.0,1.9228909004308359,2.5352683218702703
1/24/20,1032.6319032058452,20.76910670268876,22.41610786586242,4282.7076274923975,0.013953919647802002,0.0,1.9736615335672092,2.484100291085531
1/25/20,1152.8800781748569,23.715880198374837,27.46092235750559,5065.432127456528,0.01560669783292038,0.0,2.007477488974509,2.4416494495344194
1/26/20,1423.6919826048793,29.879038892566093,39.46638879481182,6072.150796920278,0.019025071991323344,0.0,2.0336123474965278,2.4062746849466614
1/27/20,1646.1993206247275,34.7309149692759,51.288799844399,7242.788332681991,0.021824000777090655,0.0,2.0479622669205777,2.375246785546105
1/28/20,1875.7630584994831,38.778891693207285,65.98492453199013,8585.292676473871,0.024637048870684353,0.0,2.036815950512673,2.344397140988235
1/29/20,2083.9568745060706,42.461254157301205,83.07581748650149,10079.86478000033,0.027294095563037486,0.0,2.025584805336939,2.3145582538330096
1/30/20,2246.919737070849,45.68210862797945,104.10283806916998,11683.614526239062,0.029331831980964104,0.0,2.0264865522334228,2.2872040820143043
1/31/20,2393.8046290907528,49.06121307160422,132.2460864875138,13381.23462149934,0.03131192159121199,0.0,2.03990171163569,2.2640078396919403
2/1/20,2494.4784349906063,52.44930606476609,165.89097410806087,15128.297089278429,0.032460995749474426,0.0,2.088855106794177,2.2470167697861214
2/2/20,2574.488378796577,56.14184736193326,202.28504545877215,16908.926573106328,0.033422192960334975,0.0,2.1599745713751153,2.237023043005848
2/3/20,2625.423798882806,60.09640422219373,241.21116486447613,18697.83194606603,0.0339091972999245,0.0,2.267409016429247,2.2351302989969346
2/4/20,2639.1949712047945,63.84058202625732,281.24052630854527,20462.784011894368,0.03409301629307423,0.0,2.417476713979116,2.2419478294943196
2/5/20,2580.27461234528,64.42817127321493,312.34871147253943,22148.446817229407,0.03347581288443349,0.0,2.4757874653665644,2.253535008755638
2/6/20,2915.2607839082198,70.39587494737422,356.9148746995545,24135.1553065898,0.03772114782624019,0.0,2.4892679819809653,2.261449528805053
2/7/20,3236.0187997165713,76.60924698528892,426.4917695307358,26378.018702301684,0.041684683638301356,0.0,2.4933575573560702,2.2670941521289603
2/8/20,3413.2830033272953,82.52424179985661,497.43325068865266,28729.854269619304,0.04392671298942193,0.0,2.614363170523752,2.2750914339017787
2/9/20,3494.74699466555,86.98121460725963,570.7692210205955,31095.08304512674,0.045002496676787074,0.0,2.752986857970655,2.286285806989815
2/10/20,3508.231030571161,90.20392216569425,650.2620037859384,33403.39032229019,0.045297435160055514,0.0,2.900368592544597,2.3008340667500455
2/11/20,3473.2997406037007,93.66590220581925,732.5980656734107,35606.24410657528,0.044810102122491285,0.0,3.1196315077932306,2.3203512818901015
2/12/20,3371.209875040492,96.51886403446939,814.56325886403,37640.209313281455,0.043563128937407214,0.0,3.792793764637031,2.346252427476886
2/13/20,3229.7945071824543,99.15633655991961,901.5035102089689,39463.81168351985,0.04185582962404101,0.0,4.724136958413072,2.379262247853698
2/14/20,3068.3378184771313,98.43541046114719,954.3393852663116,41096.59378560736,0.039894395694746836,0.0,5.236230824331507,2.4154921337215733
2/15/20,2927.2506186650717,100.77505217769236,1067.8333407926682,42496.276271154275,0.03807685118119834,0.0,5.7460057334862995,2.4579947691153765
2/16/20,2768.205560878372,100.04522817665472,1129.1769346224035,43700.9384272338,0.03589305741697373,0.0,6.0129173323070475,2.503489787545489
2/17/20,2606.220754897501,101.07532885083991,1187.9634357923703,44708.37587147493,0.0337781938243676,0.0,6.752214565692462,2.554310178956378
2/18/20,2453.740809645283,101.23501065470299,1264.7736679868153,45510.53288375245,0.03176476589568004,0.0,7.312893307174577,2.6088347834436223
2/19/20,2314.5046709012067,100.33685114837546,1346.6499955344568,46116.01285748323,0.029871276616658487,0.0,7.662947943253585,2.665401981910925
2/20/20,2196.931982133367,98.30955132140349,1440.0502069767392,46535.186974405435,0.028355036651279492,0.0,7.78705095645718,2.721870766079823
2/21/20,2098.813077842981,95.97550026238046,1552.054359118945,46768.1209377397,0.027129540843998417,0.0,7.780310409876443,2.7770760469860605
2/22/20,2027.1974473865425,93.76614369824166,1664.7783462431132,46839.30357953459,0.026129660908555733,0.0,7.67636820520159,2.8300344303696723
2/23/20,1987.5914570737527,91.30399170142309,1771.8348672861152,46785.34925692542,0.025551173825466032,0.0,7.473903973711905,2.8794172000025635
2/24/20,1960.7126453834824,89.61272771662128,1871.1378574591733,46624.527773356356,0.025269889135747667,0.0,7.266071480075713,2.92589636285728
2/25/20,1958.4284751727503,88.09213308816494,1956.3850943657678,46393.88407392608,0.025195245070248007,0.0,7.017962943283334,2.9687809056554157
2/26/20,1966.239026572027,87.25760389858434,2037.8544491872226,46105.145513919524,0.025261405640171878,0.0,6.779722827830524,3.0086708174829973
2/27/20,1990.2307526440652,86.88126307882894,2107.103861705996,45784.882576464435,0.025420711803831188,0.0,6.538761076787694,3.045561324188511
2/28/20,2054.551638180953,87.28130548280187,2152.9560379327986,45494.726466885346,0.02612144582002839,0.0,6.287163599227369,3.0790426857653976
2/29/20,2148.17452625651,87.95428184918813,2192.1673139041327,45269.01892418051,0.027170095196112166,0.0,6.026122678950304,3.1084434838066204
3/1/20,2251.141322655901,92.11069956731102,2222.1698329360315,45121.58680877896,0.028427933636237693,0.0,5.8578157995882805,3.137017319698287
3/2/20,2369.8345076718037,97.36686186515256,2232.3471477573967,45085.77038930673,0.029796448179806968,0.0,5.711841113596511,3.1652978721068576
3/3/20,2507.385892330963,105.17802748908439,2231.446639551383,45187.92676699353,0.03144600801294221,0.0,5.6146582285431315,3.1948500202130456
3/4/20,2719.3165311277894,116.36829018164066,2239.5762918106852,45489.10203703622,0.033962894018065966,0.0,5.527222105603088,3.225982002499392
3/5/20,2959.2463456095506,128.8337424693764,2223.3428933905116,46039.50794861307,0.03700562653765428,0.0,5.449440020342671,3.2588643277671805
3/6/20,3365.86676894927,146.20198926143735,2205.277462086411,47001.96342688081,0.04223858869476996,0.00023845919087011773,5.3576451807261645,3.2923782555078756
3/7/20,3820.611995843329,164.63731547179412,2196.8864632951545,48413.003252135546,0.04811366093378296,0.0006325812332650412,5.260952489865256,3.325753184572192
3/8/20,4305.249611746372,189.1831836984434,2220.0416160103737,50264.14088684419,0.05428265077943492,0.0011226460120805967,5.212280447606069,3.3618034394433765
3/9/20,4877.797511166493,218.23099325063876,2231.817045608228,52649.595340853826,0.06145403885282793,0.0016659606674099,5.171381199642938,3.400704808801592
3/10/20,5510.637299221317,252.960148735179,2251.968950855994,55615.07224110777,0.0693706763658739,0.0022323662371757803,5.154065792256966,3.4434586337390165
3/11/20,6225.889845101964,293.2026811209007,2271.215571342361,59237.932703980594,0.07831549265943363,0.0028009015997134228,5.149109153385883,3.490413725886233
3/12/20,7205.918014862045,340.6349378600241,2269.321778973565,63796.514097575826,0.09059050466231733,0.0033573285683888366,5.123707401154837,3.539097093819403
3/13/20,8400.022930075034,402.0531322452154,2272.201734265619,69485.67648588934,0.10554204411125687,0.004129364753473262,5.111364755117358,3.59087475756511
3/14/20,9779.517631036299,477.03778801601425,2320.9459843295695,76430.94415974492,0.12290048067676285,0.005029229580585027,5.114093870399917,3.6465989866755004
3/15/20,11294.222846269457,559.9142318907994,2446.288675506873,84682.67442561775,0.1419522699030498,0.005994396253014649,5.121295671400761,3.705806594485158
3/16/20,13062.154307058347,652.5191456279639,2484.99729094611,94570.73827213942,0.16430399193328019,0.007217645827723946,5.121654968452071,3.7669176345748956
3/17/20,14944.010643229485,757.3342015983388,2680.070477648279,106040.19555249956,0.18812723435470646,0.008586941653945527,5.137712880502236,3.830709021428503
3/18/20,17085.548849305233,880.8382639469587,2885.777493221334,119321.25582157004,0.2152221749358279,0.010259376826066004,5.163567761365351,3.897407820417279
3/19/20,19573.208758170877,1020.7640234738711,3155.1353145697353,134679.83029686558,0.24673225262375184,0.01209786267704907,5.185526591567338,3.9659171778030466
3/20/20,22310.49646014362,1177.6430284970306,3471.068470968623,152301.88936478813,0.281437521945477,0.014241855538211941,5.212358141637873,4.036159616354825
3/21/20,25285.925334497173,1352.0019052843002,3804.655338504472,172390.35216765688,0.3191437029939216,0.016542421637992452,5.244933406390486,4.108041832822375
3/22/20,28043.877053779124,1528.6643698615121,4164.654935519068,194698.97047305896,0.35421421394350006,0.01889480910234828,5.302843934360537,4.182407000842374
3/23/20,30789.611072537118,1715.7255022527038,4672.9516858279185,219056.9091159098,0.3892641512208692,0.021462917900948883,5.375636769815639,4.259768778692552
3/24/20,33779.289923990786,1924.266489519024,5228.663940101824,245639.37307978704,0.42748576859970094,0.0243528811556212,5.453740661414499,4.339932802966931
3/25/20,37050.773363184366,2177.308814894773,5843.1404472032145,274625.0438987678,0.4693179926289666,0.02762912615686017,5.55957546350421,4.425062201625019
3/26/20,40343.97539027115,2445.3526814141032,6527.157912602613,305951.2301017035,0.5114324378870628,0.031090187785063544,5.679138983665679,4.515091620146701
3/27/20,43615.69615298797,2723.125393251307,7201.606074107593,339596.45236314816,0.5532154275903652,0.03459494827965992,5.808502893926213,4.609861077686996
3/28/20,46227.03860750354,2997.5670089212335,7971.38841794111,374808.502141018,0.5864702655717854,0.038046584327465875,6.008961353128484,4.7110381661499225
3/29/20,48601.885446586064,3252.9293046371763,8632.547751096761,411478.8537440297,0.6166885269259943,0.04138062571774735,6.198213938723856,4.8170081268084495
3/30/20,50831.1063648531,3501.244739999937,9272.122365360388,449490.76298968855,0.6450750456702934,0.044556086211494796,6.383410455334946,4.926797565551251
3/31/20,52772.255838163204,3788.219817733218,10036.538665284192,488392.88755597343,0.6698960522081596,0.04825665256276869,6.649950688146893,5.043430299869468
4/1/20,54784.2417653726,4064.0776303526727,11000.263910078856,528068.1115969623,0.6954842461631868,0.05175465650277794,6.8814580846679645,5.164787797537578
4/2/20,56914.903326060456,4347.929534639288,11991.017375492418,568600.296061589,0.7226406581026837,0.05526841819067022,7.096919684564158,5.289791900296916
4/3/20,59057.976320200396,4620.747041979237,12893.816251081582,610101.0033528242,0.7499853502212028,0.05870995937569241,7.287200891927639,5.416681117185803
4/4/20,60901.67263949659,4861.732471895712,13821.99268139963,652277.4331550129,0.7735108339774951,0.061785399206727605,7.462730718814015,5.544214922836371
4/5/20,63514.17737865179,5064.376399224135,14583.559866254947,696103.4583978929,0.8068581531834503,0.0643038078142143,7.535428156765423,5.666583354905424
4/6/20,65484.772457880434,5236.175835384272,15399.68831047063,740913.4836523688,0.8319403393175878,0.06638448683809672,7.620993127051886,5.7844433358014
4/7/20,67274.76683762592,5402.875762099167,16182.145182525373,786565.7354505768,0.8545902526476917,0.06835459370821696,7.7043183932919765,5.897875872654013
4/8/20,68749.5113323159,5595.380089096049,17193.61565772723,832490.1908544322,0.8731675793583878,0.07067472169162704,7.843341623691113,6.009162683908738
4/9/20,70357.6107703577,5776.042188779043,18203.415454333495,878833.7692651096,0.8934921426834934,0.07294207639656294,7.945237146432166,6.117310485173556
4/10/20,71863.03077472575,5972.1275021737465,19077.47394156072,925614.1339417457,0.9126378939590459,0.07535588987911052,8.065488528662371,6.223133439066607
4/11/20,73036.20969692542,6116.1124271987255,19784.071060215556,972718.6131971382,0.9274664810013,0.07710495123332145,8.150811430927446,6.325589033080255
4/12/20,73910.55579316813,6213.55767341863,20546.91401739925,1019838.6657175623,0.9385415504021989,0.07836125242188242,8.204975574289996,6.4235771512650075
4/13/20,74565.08060819726,6286.759947017958,21103.53067370136,1066984.9337195205,0.9468059672254018,0.07925323250748105,8.248957796050691,6.516927506003315
4/14/20,75045.54979459921,6357.918249457875,21804.55532545881,1113840.9791624895,0.9529664209893487,0.08011246902375535,8.307383128033662,6.60634109054508
4/15/20,75536.75531521539,6427.967081367495,22475.938880781447,1160448.267955755,0.9592027252689952,0.08092920547480482,8.360332406994283,6.691915415805239
4/16/20,76039.678713995,6495.398577322833,23079.4168712594,1206889.0090946418,0.9655792529567185,0.08169781742615599,8.406427790366573,6.773571535683421
4/17/20,76558.64731819354,6549.278750106066,24124.63103092615,1252751.0220383073,0.972136424124306,0.08241561954350643,8.432401141986922,6.851112507048416
4/18/20,77067.84042534683,6574.108367122821,24920.19040875722,1298303.1974074235,0.9786617069270743,0.08284625647324058,8.422642784472053,6.923558689619536
4/19/20,77265.85323014509,6549.531225495829,25552.330548145106,1343447.1315517176,0.9812398794370653,0.08260023000681248,8.377764323272388,6.990364808200933
4/20/20,77252.2804381306,6506.8003460432565,26036.688804439837,1388137.1233101892,0.9810761539886611,0.08213609503671958,8.330596004722398,7.05176491843142
4/21/20,77209.58198984386,6480.654831157092,26534.83721632207,1432313.618379418,0.9804681331649713,0.0817704679978152,8.308206219873792,7.108752625131817
4/22/20,77183.36925861253,6474.665212162828,27239.57266929604,1475766.3053926022,0.9800440843411231,0.08171609019427765,8.310011268995085,7.162106874122428
4/23/20,77318.03850044543,6465.371627446397,28611.085950482764,1517992.5394516708,0.9816407137843687,0.08163870183237053,8.291672834445812,7.211499580360254
4/24/20,77683.60178202072,6438.354395710077,29767.73532551411,1559455.7529449565,0.98622228068123,0.08131179510138126,8.231798329757662,7.256329860499323
4/25/20,77945.55523623465,6410.753922933001,30809.95437292953,1600167.2948779361,0.9894234945503518,0.0810588133764008,8.179298846150562,7.297004244393973
4/26/20,78030.42466371754,6341.663918451324,31558.528305237807,1640285.1614356365,0.9904330673124997,0.08015488527746502,8.087083425204431,7.332954013796833
4/27/20,78078.80171559042,6259.454897356333,32126.595850617043,1679966.4309873225,0.9911086449585841,0.07906579834150022,7.980906084900463,7.364139937889361
4/28/20,78149.52238969959,6200.961031336371,32614.921873123443,1719289.4194332801,0.992012832929757,0.0783480189950364,7.902396153820798,7.391354782138541
4/29/20,78486.82889494565,6174.4038182375525,33264.93052912003,1758327.04085435,0.9963508524823144,0.07813508429457179,7.839109531926667,7.414994957027355
4/30/20,78967.007160861,6149.094734363218,33854.02334382001,1797281.7841971877,1.002447751091391,0.07779869479780191,7.766442315889649,7.43517829536859
5/1/20,79564.61924598648,6127.327785436302,34314.50131704988,1836396.1069784355,1.0100671180219125,0.07762207522172855,7.689115866602151,7.45206632274089
5/2/20,80083.19583271343,6084.037869058988,35078.11042033468,1875309.318230573,1.0166554733092887,0.07708674667377506,7.592769585169015,7.465375034893087
5/3/20,80320.9036521347,6013.477538321778,35566.90743740242,1914042.588732044,1.0197954915300331,0.07632037088743245,7.484360180522315,7.475231581953866
5/4/20,80383.85583887604,5919.927801415052,36165.707318134395,1952334.1087806772,1.0207547937303731,0.07517941328182909,7.3606480910680165,7.4815680069537835
5/5/20,80542.01967143662,5851.904007382393,36593.119062043996,1990424.914806935,1.022802834256743,0.07428229648282829,7.261511978091831,7.485128214023817
5/6/20,80739.16451483512,5795.917039450248,37337.85312529511,2028024.5926286695,1.0253064696209597,0.073571962641143,7.175042820532904,7.486247264809556
5/7/20,81224.33781696267,5756.7798873453075,37899.67709812851,2065587.1978972803,1.0313603279425065,0.0730052506644363,7.088845591456741,7.484974603810841
5/8/20,81899.85778211665,5730.105345260634,38521.806580177355,2103230.2769067674,1.0399188146549794,0.07254945662887619,7.0046290545666725,7.481400191183542
5/9/20,82641.3340037824,5683.958904495013,39366.053285285016,2140817.110241528,1.0492698551647561,0.0719440551673902,6.896402257447158,7.474932301070568
5/10/20,83044.17308330025,5610.093639926051,39978.241513202694,2178268.8100831704,1.0544606563413619,0.07101560112165171,6.777009107009828,7.465944266894183
5/11/20,83461.30465991916,5531.27856002811,40699.03125551286,2215495.9912928874,1.0597671400533826,0.07012527934701626,6.652373458912503,7.454277699067561
5/12/20,84035.89860160268,5464.464064489283,41456.2400203717,2252607.6725878688,1.0671483832622692,0.06928184504285657,6.533006626773414,7.440123832315103
5/13/20,84930.29627240138,5417.699636087483,42383.39387010041,2289733.639963097,1.078593344603737,0.06872583445905844,6.418853810804505,7.4236711949147525
5/14/20,86033.81591705061,5376.912993338365,43221.47434865649,2327166.0897989403,1.0927646888458598,0.06814247903790666,6.301976995420029,7.4048663392281435
5/15/20,87285.64702075816,5356.963358708145,45330.455179377714,2363761.576196137,1.1086897192058334,0.06778999147846287,6.199439058812431,7.383964093000177
5/16/20,88533.48633142453,5322.129509326173,46987.05948749351,2399983.3508468214,1.1244878934010045,0.06736694492566495,6.084546053881221,7.360951299045869
5/17/20,89491.49638358063,5253.163923174695,48313.656935151805,2435905.7064543157,1.1365278383753517,0.06643455323468182,5.949119673842563,7.335633071097388
5/18/20,90112.36691453909,5122.429247190819,49578.131873687795,2471315.3795483597,1.1443169213051687,0.06470675838741748,5.762162225985213,7.307459976803601
5/19/20,90587.14125459846,5025.551473005741,50568.451062444154,2506306.5585120795,1.150213311269127,0.06342214700860443,5.621442464591965,7.277304542646525
5/20/20,91191.74851842617,4964.326208458787,51541.8760763881,2540990.304581741,1.1577490395844852,0.06270455617594829,5.513326997209053,7.245806189809757
5/21/20,92281.27664738166,4923.3650680208675,52564.222838651716,2575782.3402771996,1.1714059748922465,0.0621533582848559,5.407988167698671,7.212959537951296
5/22/20,93708.53830247019,4901.023520227019,53840.872708501156,2610747.464620685,1.1893704932531524,0.061963873225001805,5.309139478514124,7.178557018303845
5/23/20,95652.28610331177,4873.072022460346,55099.55465697837,2646425.730715046,1.2138444701224669,0.061788870612165356,5.192988691812594,7.142258609678305
5/24/20,97142.53854778183,4816.702353606439,56456.2245176429,2682294.0631511137,1.2327357564906647,0.06115644661906036,5.067115248875388,7.104113715116722
5/25/20,98228.42558931898,4753.0574558143135,57341.709954414284,2718426.5469675786,1.2464467462694768,0.060463897648790996,4.950095696507611,7.064435105599723
5/26/20,99541.44437596978,4722.031452269549,59045.5503844925,2754199.331512009,1.2631507055617253,0.06021821260266138,4.855283011113324,7.023707083811106
5/27/20,100708.52737315126,4722.143667365352,60675.41047375461,2789509.315513797,1.2779586906935003,0.06028186922352561,4.795466807134863,6.982754749420072
5/28/20,102385.66735142056,4741.213249193051,62003.98441613481,2825148.877729365,1.2993789483468512,0.060554158831537155,4.736085638781645,6.941436797705853
5/29/20,104256.05856524975,4761.609895328921,63075.25355613458,2861567.240411385,1.3231361714501206,0.06072606201981933,4.673450031749387,6.899665858629938
5/30/20,106117.57238607302,4760.81436793935,64018.115248642665,2898905.119496614,1.346742481090532,0.06059003043835797,4.596174185414122,6.857157567346579
5/31/20,107497.44202476265,4724.830362759282,64448.61385947351,2937228.4165759864,1.3642689931143928,0.060012335934656456,4.504410999587043,6.813736135718026
6/1/20,108329.90753808268,4694.027032402672,66795.39023008486,2974068.2637896747,1.374895546995003,0.05961962168131957,4.437730554172125,6.7702464394135955
6/2/20,109311.43953056898,4681.3746893216985,68754.26080651746,3009943.478074121,1.3874196008352562,0.05936181903397188,4.382118102227004,6.726792622026969
6/3/20,110634.60017421078,4690.330214436123,70330.42030479368,3045556.787127395,1.4042371079453444,0.059437428244662895,4.334392027035704,6.683444581710408
6/4/20,112135.63732553387,4706.941249756909,71767.56000836205,3081217.4277589507,1.4233390596120152,0.059737739545366764,4.288669837497672,6.640011615323992
6/5/20,113516.79233033265,4719.074875003601,72931.23027540503,3117083.4609506177,1.440949997607458,0.05994792001824779,4.244208049227748,6.596601872391588
6/6/20,114935.60334744514,4719.6318603637965,74027.17668846641,3153271.8397695227,1.4590185558000641,0.06009192152818942,4.191279957763012,6.553288270593761
6/7/20,116300.33463869286,4697.911066676176,74696.03107617135,3190177.8511236426,1.4765007294867358,0.05995188306264334,4.1241849037812885,6.509646694069356
6/8/20,117430.35577171699,4668.286280899003,75281.87023184674,3227657.701128661,1.4910513172061073,0.05962219895628636,4.058239662703931,6.465868156308244
6/9/20,118821.81306473911,4705.89994627954,76212.04348917956,3265561.250709868,1.5089241414341517,0.06011422460575816,4.034461542301475,6.4225570214369245
6/10/20,120341.63890304565,4749.624769157949,77848.39394874855,3303304.5776120494,1.5283967983786324,0.0606814528694195,4.013254574144778,6.379877122059811
6/11/20,121910.29812455621,4793.571300853671,79038.07704833517,3341382.9586805827,1.5484972564739998,0.06128639664076457,3.99240847190109,6.337689179680608
6/12/20,124368.47364632241,4860.296033956024,80222.19250248613,3380668.6976078516,1.5798635935639915,0.06213839329474361,3.966877934195122,6.295886988409709
6/13/20,127488.13618261396,4896.705558208683,81866.36303105975,3421393.5396034247,1.6195576281355744,0.06266674835853879,3.9128410172560053,6.253446547553423
6/14/20,128795.90708570715,4915.482238876129,82672.58674260417,3462601.1709143966,1.6361615178807747,0.06296280322372942,3.901521801349004,6.211572831805084
6/15/20,130003.29975204844,4903.525321516624,83431.43744346558,3504269.318345745,1.6515376344091568,0.06285838956548498,3.8659853397879536,6.169892559460786
6/16/20,131721.9195919642,4911.087711143908,84432.99787638581,3546646.978596941,1.6732594428026721,0.06295578342805097,3.8287416102858596,6.128383294650852
6/17/20,133825.3903744539,4930.057778063051,85851.48749048308,3589690.6644253703,1.6999583242099503,0.06318796816969056,3.788859038067744,6.08679007538559
6/18/20,136331.12536604243,4947.185080841154,86980.80705862332,3634093.651637993,1.7317657354707392,0.06327055204865471,3.7396390421753,6.044941686568278
6/19/20,139356.86654148865,4962.020566874981,88195.73932389583,3680292.624402938,1.7700647163421852,0.0632495667313449,3.68028676442914,6.002727837135049
6/20/20,142285.5862663638,4966.771104824616,89447.40495232705,3728163.9118055473,1.807156882181366,0.06315872222286269,3.616393345126493,5.960082220730534
6/21/20,144891.8806365751,4938.2795092542865,90291.8918802586,3777825.508375559,1.8401981295077527,0.06278687309229257,3.538429453622936,5.916734281362351
6/22/20,146845.92342532345,4898.507956276054,90966.40037826353,3828806.4200513437,1.864995047195594,0.06223290372453667,3.4650010584854116,5.872988167230451
6/23/20,149043.5808886298,4879.822915799011,92046.19081695937,3880923.892276618,1.8927991560544346,0.06203965975763167,3.400862360633924,5.829059868577459
6/24/20,152093.98315298013,4877.9998276566175,93342.2271162815,3934797.561333318,1.9314183459006569,0.062096008506318606,3.3355895234088755,5.784629018119655
6/25/20,155412.3387243877,4891.751361531007,98738.2585974492,3986579.8100660197,1.9734099405849306,0.06232057567639559,3.276034203686755,5.739961219150627
6/26/20,158779.53928415125,4909.300581250031,102666.53274695518,4037783.4425796447,2.015995608907954,0.06265411954910446,3.2194095078598766,5.695006787811782
6/27/20,161795.95114379647,4918.504109009664,107529.10889131088,4087131.7133495463,2.054210067614384,0.06281813829861942,3.164696010804717,5.649974420749416
6/28/20,164420.63032157128,4899.454486350118,111111.13551194314,4135541.6919045397,2.0873760610936998,0.06262744322084711,3.101492853425652,5.604772030060336
6/29/20,166294.35263823133,4871.631410446455,113841.0646227677,4183123.2919013426,2.111145777497811,0.06220028813281744,3.0453255342598875,5.559576759265286
6/30/20,168587.10250431567,4887.810885639739,116430.65105303834,4230391.880605169,2.14022836583607,0.06232964773974885,3.0068102738146445,5.514744463714302
7/1/20,171245.20117848957,4916.270635881789,119170.8097433966,4277549.953900676,2.1738843353742623,0.06259830397631382,2.9712946816587062,5.47027262748354
7/2/20,174308.25787151547,4957.586716243118,121396.25579010857,4325504.325760587,2.212682019332493,0.06295525141755814,2.9384181216038825,5.4259153549559525
7/3/20,177769.47602779092,5004.1403336334415,123333.40109577103,4374936.220513124,2.2566506059527787,0.06336376150651966,2.9050451262040173,5.381738601720089
7/4/20,180946.76518767484,5038.989524995997,124704.87985099346,4426139.079822712,2.296967487386351,0.06379766951724791,2.870943022633158,5.3377829162455095
7/5/20,183387.5556643515,5045.292158357208,125333.20767751527,4479148.102203129,2.32796128853481,0.06376722162305568,2.83267127035283,5.294070632441154
7/6/20,185306.95854174596,5035.213032466613,126113.32190406295,4533306.495150532,2.35236287512331,0.06365774862115606,2.7936475905265894,5.25061118480833
7/7/20,187452.6836856465,5050.751965521858,127023.62171530441,4588684.777051834,2.379724784171462,0.06396855632318987,2.7651675909591638,5.207640713865997
7/8/20,189908.01673757329,5081.771261841128,128414.63243551619,4645096.364326841,2.4110453229417352,0.0645575322007697,2.7414571032842905,5.16507241256161
7/9/20,192872.30021790258,5128.30244770186,129926.85246149231,4702913.486012282,2.448794859825355,0.06532158407649356,2.7201311998126867,5.1230735255712885
7/10/20,195935.86499189265,5204.920568407551,132214.90065800448,4761429.5081150895,2.487664937868268,0.0664222466519045,2.711298156511305,5.081744240409709
7/11/20,198945.66527990732,5288.197611321416,134206.88257754885,4820880.073341419,2.525908677490032,0.06748993397215869,2.7066814830366317,5.041136831821525
7/12/20,201295.31046446846,5335.47622528871,134472.33451282358,4882367.554851026,2.5557548545659485,0.06803867533151613,2.6941959907410187,5.001269795687404
7/13/20,203052.8247314891,5335.3149435085525,135233.76555458893,4944851.282374483,2.5780147270380462,0.06798627628794106,2.667231904693383,4.961902555373426
7/14/20,205188.70472580555,5358.837754925727,136681.08887972368,5008000.045137223,2.6052027211165063,0.06823383446882862,2.6475664930933704,4.9230956000329185
7/15/20,208293.37142476928,5423.349199142129,138678.9156779919,5072191.137624124,2.6447608809620746,0.06891500754104196,2.6352080405950202,4.884876814102233
7/16/20,212083.71158430414,5495.775993430801,140921.06960678092,5137857.990709726,2.69296810923192,0.06963898659084714,2.6205623227573143,4.847015585814764
7/17/20,216341.8201030972,5567.748004541883,144503.5898936697,5204128.46108079,2.747092840885259,0.0703749799069312,2.6025868507386853,4.809346834963414
7/18/20,220017.17370682227,5628.357843800475,148712.12020846733,5269805.145878828,2.7938269129634152,0.07110178773806307,2.5863085289520815,4.771989578087333
7/19/20,222320.35560840814,5640.790520026302,151443.4091718201,5335041.291838207,2.8231259238228734,0.07133384405335118,2.5633175546214533,4.735017320628562
7/20/20,224169.26655636082,5641.1095499569155,153768.7118487447,5399800.727865694,2.846725907686683,0.07146004074196638,2.5405510355197753,4.698706611058603
7/21/20,226361.32895842142,5671.892785000307,155741.62432848723,5464748.5313407695,2.874618915030943,0.07198273509950684,2.527194134425828,4.662994023825222
7/22/20,228884.41972748152,5715.338184773934,158185.88850178392,5529731.716709673,2.9066562561729934,0.07252675717696981,2.5163014933430805,4.627822377214144
7/23/20,231845.06094086636,5769.8727264421905,161150.4101901132,5594656.48770257,2.9442890850327714,0.07330813575979035,2.5063967724171157,4.593140078625685
7/24/20,235167.04336160916,5826.718675478882,164070.55130398416,5659926.254641377,2.9864857526815762,0.07399664167510926,2.4948039844288292,4.558900548095593
7/25/20,237685.3520133391,5869.087831283535,166451.09593477802,5725291.416984644,3.0185321423252702,0.07460583240711384,2.485401717070707,4.525297399395396
7/26/20,239229.28481688502,5870.008163945703,167414.68037875232,5791236.007849633,3.0382144008605807,0.07467540515975468,2.4682814236595982,4.492211463176347
7/27/20,239496.22680058514,5846.757664609626,169366.2505353798,5855519.221494525,3.0417274859303016,0.07437677956718929,2.4540996385356415,4.45978528918053
7/28/20,240285.82413122547,5862.174948028764,171971.52122871944,5917971.3449106505,3.0518509816330583,0.07454215036450847,2.450261701062097,4.428100160421727
7/29/20,241644.0499785245,5908.350835873021,174913.1995677424,5978793.8403312,3.069054569899378,0.07501881290568202,2.4530693392592013,4.39719382610352
7/30/20,243628.6575582166,5961.840882654363,177238.9244788487,6039221.7287265165,3.094197503482064,0.07569569917102076,2.4534900609637558,4.367073573513938
7/31/20,245891.39347164755,6016.823179234754,179167.7617510584,6099928.533790037,3.1229625266323158,0.07649264237058473,2.452279451582208,4.337490134787457
8/1/20,247884.1761025073,6054.3414056319125,180974.75455187896,6160783.610753394,3.1483248452124157,0.07711666531294852,2.447160933693996,4.308497222700187
8/2/20,248886.93464817674,6059.549805830065,182150.45616365058,6221460.536521639,3.161114640180398,0.07737282628913084,2.4385656773178024,4.280117405779037
8/3/20,249198.65740392712,6047.000760582269,182526.28519206136,6282085.90531088,3.165062567290992,0.0773730638201118,2.4296968067456106,4.252351564568861
8/4/20,249796.10097679263,6051.863506953758,185669.7790979016,6340160.361248235,3.17257455311618,0.07743513965272827,2.425093538314727,4.225185826372018
8/5/20,250797.62271242563,6076.877078690346,189100.8473106702,6395780.257345846,3.1851588176336674,0.07777344956477517,2.4244391206629543,4.198596623687047
8/6/20,252404.12878157265,6110.605563353136,190837.96328267164,6451235.815248054,3.2053701706529254,0.0782914296288303,2.4220044267698078,4.172554358867026
8/7/20,254783.91192151047,6144.27387719251,194195.85206777707,6505679.599366975,3.2354713849781254,0.07868355916843751,2.4137039708424135,4.147026035620402
8/8/20,256264.77264016337,6165.016846021157,195873.6650565773,6559905.68840784,3.2541401301583326,0.07898095722543169,2.4084496138072633,4.121977126673368
8/9/20,256181.2586073583,6146.935197627267,197887.34078070245,6612052.669487312,3.2530540255827023,0.07873561379376544,2.402088618282503,4.097608569383084
8/10/20,255104.00426803002,6098.73470834661,199564.552292088,6661493.385340275,3.2392812658452095,0.0781273725249228,2.3922975240174784,4.073805132933679
8/11/20,254473.58016816963,6088.554331580155,201364.5218844681,6708513.888001544,3.2311209241412233,0.07799402559601054,2.3933701518652444,4.050710913326745
8/12/20,254587.43647545224,6089.521453514991,202979.24044849403,6754032.561397576,3.232386278398121,0.07795072297341633,2.392133822073258,4.028171387499968
8/13/20,255062.89691839527,6098.13247263192,204189.49225487947,6798807.83251481,3.238374780445912,0.0779696073982374,2.3907723183004395,4.006068515433392
8/14/20,255548.26716731273,6096.29523183916,204170.29747601552,6844089.505995389,3.244602248951445,0.07779459910511813,2.3853511298726664,3.984547512707976
8/15/20,256066.07421972728,6087.804540371467,204292.70311623494,6889775.071666006,3.251316651589757,0.07749200567998948,2.3772999995453654,3.9634576182476637
8/16/20,255161.4178873224,6040.064943501955,204664.2978267443,6934232.125969322,3.2398196872441125,0.07663849477057638,2.3657665998081994,3.9429219511594895
8/17/20,253909.078571031,5979.752024572436,204793.13969210847,6977368.312081873,3.224000644000259,0.07566655691924803,2.3523752422210067,3.92277539188888
8/18/20,252853.29710401647,5952.528516629326,205511.27215480778,7018757.8078384055,3.210567991893994,0.07510846186906496,2.3510004055475053,3.9031322958445736
8/19/20,252815.79065051742,5947.811242566705,206475.72549923512,7059150.061131176,3.2101504627451387,0.07484464102161222,2.3493358378044578,3.8838227868197803
8/20/20,253602.20195772024,5950.904226760224,207148.81420458932,7099652.544096459,3.2202336888920287,0.07478693652170859,2.3437426367515695,3.8649592976381975
8/21/20,254851.41599556583,5950.037821202641,207416.75954678355,7141137.162212929,3.236269586198528,0.07463491456464655,2.333019970972315,3.846371999982931
8/22/20,255838.64514854123,5945.630195179652,207692.96060134599,7183337.216099313,3.248900413260651,0.07442240646119197,2.3230723646843807,3.827939021128615
8/23/20,255658.40361682227,5903.237334386638,207940.61336013576,7225151.768597387,3.2466645801229883,0.07370243749951852,2.3075220539901973,3.8098096275034057
8/24/20,255739.80634558672,5839.788024322913,207940.30867668247,7267111.4778555,3.247817006911717,0.07289041390528832,2.282168720736053,3.7918423686442417
8/25/20,256057.76106465442,5814.628437077529,209119.06714929227,7308235.542981717,3.251950964971699,0.07250637859789884,2.269373396504092,3.7741730277488776
8/26/20,256882.58760748018,5809.378149453246,210158.25964023673,7349150.492478826,3.2624909479472577,0.0724221239904317,2.2599893214953584,3.756651128865903
8/27/20,258115.7226555315,5812.66135793563,211128.40244386072,7390325.151040486,3.2780768428063083,0.07254349404236116,2.2507867490033227,3.7394066705390148
8/28/20,259981.37805313512,5815.5359643980455,211843.33336599063,7432647.65949721,3.3016725513789646,0.07256599201388816,2.2372105492698147,3.722285729977016
8/29/20,261572.53453826546,5800.459152926169,212073.1304935076,7476346.604146719,3.3219039597054683,0.07228510580221217,2.2190978281440636,3.7051808373435007
8/30/20,261885.64366093345,5750.964237652867,212222.58045849315,7520258.702890739,3.325938809664829,0.07156906230628374,2.1971519269824835,3.6882543017623823
8/31/20,261047.0929649503,5808.603036538695,211978.23431730884,7563518.95830071,3.315340994672195,0.07222413198793273,2.2348704191299933,3.6720835566109424
9/1/20,260134.8927320422,5831.597619117316,211572.28938932816,7606249.963841089,3.3037736583404604,0.07261669531870239,2.2568421634092286,3.6565716532280095
9/2/20,260108.59594532356,5857.432569404474,211972.84198658395,7648528.285063541,3.3033692158450045,0.073057378470271,2.2704276922420172,3.641401515954765
9/3/20,261134.4755651376,5878.389385690342,212355.43005089555,7691428.941040103,3.316449449504691,0.07352036256895962,2.272575437962269,3.6265853933208154
9/4/20,263133.01031047374,5895.467880710601,212881.99339737362,7735784.489934059,3.3419167993534344,0.0739875834282185,2.2652531242843463,3.611887571023361
9/5/20,265093.7802230812,5887.330827751989,213476.6006474505,7781514.338555832,3.3669492059155055,0.07397528864180347,2.2481350855676454,3.5971451418153095
9/6/20,266042.5124497617,5836.448671883122,213276.47040058408,7828443.931818236,3.37907593495754,0.07340186129213007,2.2209952849305097,3.582484186168481
9/7/20,266712.84614750074,5772.907813445785,213499.30445305933,7875884.565594543,3.387571004260843,0.07269646665818258,2.19075141524809,3.567752738536488
9/8/20,267494.37514599937,5748.343149074875,213952.06827865713,7923678.529217416,3.397405636707577,0.07238943478910481,2.173724626317364,3.553084922096581
9/9/20,268908.1040314198,5734.476753069218,214625.53588087388,7972226.620527969,3.415224847426041,0.07212455347787422,2.1561783950574593,3.538570346021515
9/10/20,270968.28866114473,5723.019232967506,215214.66181184314,8022257.22806509,3.441347613539677,0.07189454774477876,2.135628878075892,3.5240305785981256
9/11/20,273680.02979195246,5718.276181174555,216461.79021746182,8073757.191386212,3.475794906701179,0.07169365376342846,2.1135235841735103,3.5093450061946174
9/12/20,275980.254597529,5704.559508798586,217792.66875345382,8126240.217655679,3.50495039348196,0.07151727007103438,2.0911181546578352,3.494670824174753
9/13/20,277051.3356573842,5654.642723077222,219151.23891346503,8178485.671616528,3.5185108661592457,0.07089031156352132,2.063380340500912,3.4798788549089146
9/14/20,277374.8841061056,5591.823767224704,220694.60341286517,8229574.128487858,3.5225722959655985,0.07020774852862792,2.0359737027477265,3.465119815946917
9/15/20,277758.3346713703,5562.330577630225,221712.322125032,8280057.810406727,3.5273917866749995,0.06997488280568803,2.0202797586798726,3.4504953124902777
9/16/20,278817.6760717322,5565.598100417764,223386.49784289688,8329923.390489725,3.5408618110548074,0.07005298163740653,2.0114979093430927,3.4360711933369434
9/17/20,280530.3699891564,5570.23122391826,225284.64583930097,8379598.8833742775,3.5627188941618573,0.07010478487877604,1.999840578277443,3.4218874662233714
9/18/20,282874.2158266315,5583.90840189665,226902.20471112334,8429986.986050183,3.5925863840868115,0.07037319560071859,1.9876831601369325,3.4077299514552934
9/19/20,284542.66134477005,5589.618867838377,228831.5939846239,8480108.434508134,3.6137569580533015,0.07054672917923367,1.9773581023963955,3.3936882313579617
9/20/20,284791.0367351196,5553.321640768365,229789.79518388605,8529556.354387296,3.6169719579147324,0.0701803416960747,1.9607433082416528,3.379820429380972
9/21/20,284404.89209680795,5494.741705079769,230269.87041682366,8578196.634333683,3.6121565270036755,0.06945582516846874,1.9402475372307124,3.3659262384320083
9/22/20,284104.76100771315,5467.988570767408,230855.57498575922,8625977.831758894,3.608363230661716,0.06921218288694621,1.9310328911755184,3.3523415949984385
9/23/20,284854.07066069765,5472.394812423493,231662.65630449084,8673696.85127902,3.6178452819254567,0.06930093741896366,1.9259275588309714,3.338816020869918
9/24/20,286170.4992861452,5556.032040284269,231972.36619359473,8722338.95230974,3.634471861409949,0.07032046735096392,1.9428249394836743,3.3256493574838624
9/25/20,288086.0941895136,5616.946468093663,230775.97333165916,8774032.126679875,3.6586237747681265,0.07100547351844601,1.9495228096018338,3.3128011349175557
9/26/20,289605.80353487923,5638.6934119456,230548.37547377602,8827450.86131115,3.6778907208075116,0.07121140431139045,1.9460703826042738,3.3000006660482213
9/27/20,289952.8881567437,5615.809783071981,230196.04000471224,8881591.899663817,3.6823077702545213,0.07085135823708517,1.9343901578896112,3.2872986404047815
9/28/20,290692.85270295426,5634.986843799849,230128.09451114168,8936521.670996983,3.691617500543755,0.07105809749473325,1.9346015733209017,3.2747271707999874
9/29/20,291794.87052922446,5653.364174216688,230140.81297421362,8992522.364364246,3.705445516669807,0.07117359558455687,1.9327512047076543,3.262304994148432
9/30/20,293896.3081472469,5672.15569274177,230739.86249452812,9050006.654311892,3.7319158731787785,0.07146008286591049,1.926008530047614,3.2500413196021753
10/1/20,296865.79953560967,5701.674584145443,230882.02064144815,9110288.758610666,3.769414178687205,0.0718559696223098,1.9179869927477862,3.237938667122005
10/2/20,300380.4671122502,5733.000244884927,230410.76078310332,9174525.46468468,3.8139912709471857,0.0723168399605739,1.907635957741316,3.2257592625170757
10/3/20,304067.6378644461,5734.764331788446,229265.58366473418,9243592.754543254,3.860676454609095,0.07233960920438003,1.8881686785503573,3.213579087320451
10/4/20,306228.81892372115,5699.671828454336,228331.51421531793,9315790.387414673,3.8881309827952353,0.07182855206218346,1.8646174626067153,3.201214082559337
10/5/20,307314.98437655886,5638.767311097593,227032.06449648135,9390434.539975867,3.9018751880944325,0.07096691567585925,1.8381400661101899,3.1887792654111338
10/6/20,308336.9815052383,5590.565764048084,225334.17229967425,9467846.783410273,3.9149383840477876,0.07035882301032508,1.8161912553481154,3.1763544116243785
10/7/20,310738.72660311236,5571.314553239426,223873.24940596047,9549140.946047695,3.9456149731978414,0.07017298378208987,1.7966575392014392,3.1639934774592327
10/8/20,314638.910387081,5573.267007161387,222490.87513754095,9635715.714284144,3.9953109912113263,0.07027835831208148,1.7771035535545463,3.1514959176456743
10/9/20,319548.10639695165,5589.671215555422,221092.7862168176,9728581.363243302,4.057698243064191,0.07057906865506976,1.757525286833424,3.138964414216809
10/10/20,324122.26541693346,5604.0511890045545,219605.46878577143,9827494.108680503,4.115922987366084,0.07076969089263462,1.7390990404843207,3.1262338275136727
10/11/20,327397.2876593691,5575.047051138234,218168.67478703905,9931147.674497161,4.157691942943041,0.07040965660832316,1.7138761544288956,3.1134323624132336
10/12/20,330742.76038729196,5538.067503141992,216824.10537345655,10039528.262003705,4.200261140717216,0.06991974185956105,1.686752058181432,3.1004130872582527
10/13/20,334385.4158162878,5538.54199852175,215784.0156734924,10152591.120144177,4.246613055325551,0.0698245287736815,1.6686390981517978,3.0873170168622863
10/14/20,339339.9158590274,5571.02334495367,214969.96775251467,10271390.044902256,4.309526283599727,0.07023536858965317,1.6540102625717534,3.0742417515590517
10/15/20,346069.654125631,5602.679754978567,214695.64894250574,10397161.370327212,4.394933990314375,0.07074459251460946,1.634315158019526,3.0610174093511464
10/16/20,354125.3659264042,5659.5684676093015,214321.65739199286,10531305.51039109,4.497144414290052,0.07154433694924918,1.6163565860531786,3.047532104235765
10/17/20,362006.7756694306,5704.303552031784,214003.01285973587,10673604.969646068,4.597046635901171,0.07228688977627275,1.5967012234186677,3.0337159835192464
10/18/20,367285.7571683017,5703.125612638942,213391.89532615253,10821795.705873117,4.664036335299404,0.07250170979039779,1.574470975365027,3.019765084633356
10/19/20,373600.0467597151,5705.527881791771,213583.50901207444,10976106.715736704,4.744093372962189,0.07258867246013205,1.5507798820616434,3.0055800601425116
10/20/20,380125.13079633587,5746.766914209414,222578.50978987716,11127906.569826875,4.8268976525980065,0.07305811461123712,1.5353753855960333,2.9913346330195463
10/21/20,387895.9893057993,5808.442435349811,229711.257710386,11280282.858985031,4.925643469841972,0.07377630797891013,1.5212491673529072,2.976912544815466
10/22/20,397027.72766305675,5884.007962747672,234958.0927637486,11436468.48591984,5.041611470579111,0.07464654908433949,1.506674380384553,2.962238985748801
10/23/20,407348.7066567676,5979.908027567405,239012.84163130217,11598824.442916129,5.172673077951105,0.07583525516909036,1.4933168525081641,2.947504755854713
10/24/20,415885.9193545613,6061.340650855558,241892.50011559293,11766756.521502763,5.280965924233372,0.07674089381268379,1.4822794787979978,2.9326052033299255
10/25/20,422234.4182936488,6100.033008319809,244227.02109655255,11938663.885690182,5.361576428625495,0.0771972108837028,1.4686001838275644,2.9177088263056876
10/26/20,429519.7841281351,6134.729831144545,246659.20957627922,12115389.730409646,5.454007939003515,0.0775732429328563,1.4525058959976775,2.9026943186576615
10/27/20,437673.93939589825,6239.312440388635,248427.19111173874,12298397.16625227,5.557476045463394,0.07882863857530108,1.4471706814584988,2.8877177530852007
10/28/20,444496.80736723915,6396.468717196998,250356.25978428585,12486141.245116971,5.644083335062157,0.08088748184377091,1.4568118803612,2.8728842543812037
10/29/20,453252.28457003576,6558.458721873123,252922.8646260455,12679912.206338119,5.755142164694425,0.08297219452967382,1.4622577637223941,2.8580261702607705
10/30/20,463204.92803584714,6729.719025736451,255501.58506963687,12880885.830277702,5.881371647473203,0.08526103619430708,1.4661395902138485,2.843265886037635
10/31/20,473170.7537115547,6870.950483145312,258278.88606443227,13088906.747440858,6.0078606064650515,0.08716321361390264,1.464860728852739,2.8284485412745726
11/1/20,480357.1268934456,6955.811685598472,260046.72456117283,13302261.338086778,6.099019261046591,0.0882865185579161,1.4601063912484302,2.813705976103589
11/2/20,485932.86104375875,7028.192400884961,261177.04508653603,13519988.961642422,6.169686350213606,0.08932564748766748,1.4575813691650958,2.799125986083796
11/3/20,491719.36123963026,7142.099834742633,261854.89936652983,13742711.323680138,6.24315199450791,0.09075448662307552,1.461815415871509,2.7847643783544376
11/4/20,498783.49577873823,7296.662725398506,265105.21213129075,13969092.9446016,6.332814136144115,0.09265006748491444,1.4695982930318028,2.7706539152299667
11/5/20,506915.050755677,7458.654170367424,266397.08500584756,14202152.256180517,6.436079003215755,0.09458233467302248,1.4760730671088573,2.7565752418253933
11/6/20,516068.8426252546,7626.163361723711,268116.8840920002,14442478.05135155,6.552278206534812,0.09672967168832391,1.4810352700752152,2.7426142935428253
11/7/20,523959.3422586569,7776.31438689256,269513.8011237544,14689147.2780991,6.652369962995408,0.09873680247190542,1.4862671849127733,2.7288266710044464
11/8/20,528524.2846023835,7858.3168964371225,269549.3251418107,14940263.92066281,6.710406694204429,0.0998943134271017,1.4880236390384944,2.715246058180689
11/9/20,531557.0954720316,7918.632677997117,272429.57384657813,15191472.809609877,6.748878276076627,0.10068309316063351,1.4902061299633858,2.701890457319059
11/10/20,535284.8901860033,8031.499114454613,278184.53308467084,15440541.667596394,6.796250356200039,0.10214556899087053,1.499461619625493,2.6887667938899167
11/11/20,539867.1956107718,8189.116505898043,284095.45061914565,15688124.296081794,6.854444234691797,0.10426690331783459,1.513774984303788,2.675874305762242
11/12/20,545669.5981349455,8365.734477647462,290236.70906201476,15935191.45067677,6.928045339504624,0.10655010669756922,1.5278871021576255,2.6634427174752164
11/13/20,552636.4887461888,8566.133757559779,295944.8261186141,16183316.979546508,7.016505712633075,0.10912514437825344,1.5427083590095283,2.6513815254160193
11/14/20,558310.2668634999,8719.677935632391,300843.4433006936,16432064.125173425,7.088463101721366,0.11113065918599795,1.5534195702854063,2.639620521236993
11/15/20,560744.8509783987,8799.215865872575,303531.8579932797,16680477.902292436,7.119231262963625,0.1122306514107065,1.5603793314511107,2.628104937763368
11/16/20,561768.5303658538,8851.496205119416,307896.02447217033,16925498.91198078,7.13213648166104,0.11292529374169862,1.5667479421207349,2.616791787709278
11/17/20,563147.8235275919,8973.261012541549,312375.66195895354,17167297.81253668,7.1495731092760995,0.11450666694270435,1.5841137373535354,2.6058827897922545
11/18/20,565355.8757949385,9127.147444863376,318365.5920262057,17405160.948860362,7.177690413305818,0.11641742763626783,1.604298109317148,2.595269753739311
11/19/20,567419.2115666314,9274.45579458554,323577.8539603109,17639727.85067193,7.203915454054937,0.11827121314636815,1.6240358661425525,2.5851079019719068
11/20/20,571835.8435311004,9427.47027723972,328486.6473200806,17873649.576605555,7.260055257204209,0.12027829464057171,1.6382912229092446,2.5752563511156614
11/21/20,575678.1802218986,9533.522039226287,332556.9665954532,18107237.268192634,7.309031094616736,0.1216351313948844,1.6463652218191276,2.5656120866077963
11/22/20,576401.3772719213,9561.240050295066,334985.4806453043,18339091.924768828,7.318282396407582,0.12204690053480773,1.6493428998868527,2.556100245853514
11/23/20,575246.943174957,9568.702737986805,338220.65714522125,18566549.508060455,7.303630736267449,0.12227836875497985,1.6546807740032097,2.5469025449678337
11/24/20,575397.4013964185,9640.19677233729,343670.43006999674,18788636.282614432,7.305612629463717,0.12332466773132329,1.6666813018421351,2.5378993275616497
11/25/20,577028.0522077397,9755.835126543489,350183.16583440226,19005725.333861124,7.326388970269965,0.12489981502294896,1.6815107355546262,2.529240418959454
11/26/20,580812.4575415278,9903.943674574943,356417.34531674423,19220216.502411243,7.3745267774415275,0.1267970803613178,1.6953197091117576,2.5207837885352307
11/27/20,586106.5027985016,10064.113139838784,363815.1411552102,19432443.750914607,7.441766302152866,0.12886844134689776,1.7069315724320167,2.51242818840335
11/28/20,591028.3641946487,10185.639734797267,370540.51562544284,19642745.95974894,7.504369733990357,0.1303021716441736,1.713477601969388,2.504338151257233
11/29/20,593261.9429097511,10218.917406080509,373824.58078109944,19851964.40447144,7.532887041101606,0.13056189981111999,1.7126571100054229,2.4963834930467215
11/30/20,593402.3864719243,10208.834314106658,376982.02727233415,20058175.929356858,7.534749473995189,0.13025370612893813,1.7106229850795656,2.488472589933115
12/1/20,594376.0580001678,10245.073133345531,380630.3054289364,20261676.608794685,7.5472158306909,0.13050975445322455,1.713940352367677,2.480777862079011
12/2/20,596710.2568045531,10324.462727834465,384189.18962381996,20463873.21324753,7.576961932251501,0.13137874429562746,1.7203433805220412,2.4731756473583304
12/3/20,619477.3200968317,10427.73425933985,389129.4734168669,20683793.325668104,7.866163095489749,0.1326436195718229,1.7037083332481813,2.465108380857112
12/4/20,636976.2126919746,10562.801382204978,394583.268943573,20915623.468034253,8.08839608226043,0.13438329584010036,1.696327608520321,2.4569153461351236
12/5/20,649139.1667695977,10660.825556853148,424458.15439324774,21129643.654853705,8.24293050404605,0.13569742588513053,1.6906934181212425,2.448594289456509
12/6/20,654800.638773885,10670.096767177361,444060.45044000784,21329713.74642037,8.314838829308519,0.1357487492679933,1.6830787567818375,2.4401466972350856
12/7/20,656203.6264599498,10641.604384517274,455787.1333063947,21669544.460588917,8.332696086466687,0.13541242927643174,1.6775979182376528,2.4318122523471506
12/8/20,656977.9502614297,10683.090845525629,461452.0961151473,22102838.20496432,8.342641629914647,0.13599916690254776,1.682416309443466,2.423751102853439
12/9/20,658931.3819762047,10787.256883094473,462961.4546676569,22597455.21014591,8.36748349928775,0.13743479284550406,1.6917604192703182,2.4158299040088207
12/10/20,662136.0974574295,10914.080913203328,461923.2198341154,23130320.807720844,8.40822248739445,0.13917753523843227,1.700187531398585,2.4081904680256647
12/11/20,665710.7289623363,11050.926749645514,457819.4052016089,23685816.387535963,8.453614893878566,0.14108782476694437,1.7085001868450365,2.4006867951795665
12/12/20,667427.0288598977,11148.765660779867,452527.8896380049,24250018.198227584,8.475408174794312,0.14235983155738346,1.7155964076662549,2.3934521999430673
12/13/20,665761.6384771842,11149.946084268517,444792.3396116793,24813013.66050135,8.454259719174447,0.14246120495972042,1.7160424816995803,2.386335209118489
12/14/20,661812.9110945767,11111.506683378411,437143.6695777912,25366481.39015392,8.404204012217154,0.14200067715183312,1.7169101533152515,2.3794658470721863
12/15/20,658886.4898811595,11149.797441437302,430204.8453994845,25906900.289321035,8.367038467846914,0.1425834531812363,1.7272357056204,2.3729266020298545
12/16/20,657445.5964956873,11236.880346302529,422991.5012104706,26433830.84283018,8.348697018014139,0.14362551160498596,1.7409142738102032,2.3667657270896445
12/17/20,657314.008300245,11318.947101781398,415538.53739689675,26947817.895458285,8.346874602013399,0.14471930602679647,1.7506558590697767,2.360771391555173
12/18/20,653357.1702149697,11311.177019206685,407554.8167496904,27445447.00960197,8.29645092538526,0.14464401040767508,1.7572577892950922,2.3550314660286498
12/19/20,647824.21995711,11236.177336003402,402145.8911015628,27922972.639408458,8.225985746693375,0.14377633505052517,1.7573289380680621,2.3493639533227646
12/20/20,638535.7076231786,11112.586498754461,395884.7541854539,28378242.38088496,8.107978003957232,0.14215516135749343,1.7623897310225956,2.343879208203477
12/21/20,628941.7200289557,10991.709130588493,389334.5957253644,28812170.283310995,7.986146578116588,0.1405317329666411,1.7693065297957933,2.3386478861984443
12/22/20,623436.4919090997,11002.584902617396,384030.9865104921,29228534.847253013,7.9162055009886005,0.1405948715712964,1.78462749327093,2.3337120101445734
12/23/20,622097.6599421147,11114.605682735864,380527.603669187,29630735.555165265,7.899188585634985,0.14203788562561764,1.8031750262545974,2.3290931624598126
12/24/20,626317.5488473006,11246.050089091597,376210.5060290406,30026278.25333541,7.952698914389753,0.14367715602892833,1.8109855816602725,2.3245628410165815
12/25/20,627708.0619615979,11297.509760852117,371559.5933488919,30413885.511806846,7.970364905418894,0.144232651648468,1.8139110976564685,2.32019943033359
12/26/20,628102.7121096875,11289.20465908844,365657.4195343372,30794973.83694467,7.975285959348067,0.14403885439383032,1.8101496183243166,2.315816551672912
12/27/20,625830.6909958494,11204.625377965052,359357.7800441778,31168400.683345705,7.946450256225826,0.14286925386856786,1.800991602823119,2.311523748991195
12/28/20,622675.4411621635,11117.600914811128,353453.39746915747,31533881.02491934,7.906440933392057,0.14177143618887203,1.7942758764564235,2.307157620856151
12/29/20,623318.3116908605,11159.865864147396,348544.79029016115,31895015.243555594,7.914700400371411,0.1423980905080333,1.7964481880864196,2.302844588912885
12/30/20,627705.062254689,11277.222623869508,344375.5970194424,32255594.920860518,7.97040236104306,0.1439457056429024,1.800128754130673,2.2986692790395318
12/31/20,636394.6299238339,11443.812616040888,341061.63384165906,32619816.061571527,8.080823594223313,0.14608244691024502,1.8007403746221633,2.294450240159052
1/1/21,646988.1180333648,11647.62710292377,337778.18900998624,32990249.841695063,8.215442308161435,0.14856901625287547,1.8018454665530903,2.2903009353626405
1/2/21,656759.8008255779,11825.398826685434,335370.21838265564,33365900.140217043,8.339520580761773,0.1507632334299403,1.801609888174413,2.2862967957368534
1/3/21,662096.1303944568,11892.693787129389,332206.74822995387,33743816.106229305,8.407318992266559,0.15152868801549957,1.7964624102744928,2.2822499488223458
1/4/21,664598.6503842064,11900.373481436569,329069.83940064197,34121762.49104507,8.439060009237641,0.1515412443097181,1.7899851627033099,2.278269471630911
1/5/21,666957.0518034525,12024.888142346514,327280.4090852643,34498647.02560771,8.468892785984607,0.15316328386820804,1.801141160497869,2.2744278951120824
1/6/21,670357.793773435,12214.142986680383,326978.88505090313,34874429.88251804,8.512046082323494,0.1556047129106249,1.8185914680433584,2.270771215252286
1/7/21,674758.4757376557,12425.332268205324,327855.084273917,35249339.70070679,8.567944644146765,0.15830951420206302,1.8363708042042488,2.2673263189466715
1/8/21,680319.0850821577,12646.373208695932,328279.80288173317,35625367.68407814,8.638489910511577,0.1611294726636751,1.852540459415222,2.2641064787237717
1/9/21,683543.74036913,12829.206239855463,328303.752830785,36000971.024288066,8.67937566461858,0.16348981103953672,1.8702995469805752,2.261115406150265
1/10/21,682059.0099061022,12883.65761180794,328023.3164854022,36372194.825008325,8.660496989711712,0.16430384761422737,1.8823561063304044,2.2581145397832114
1/11/21,677165.9751747268,12863.239815217443,327614.3252423131,36736126.30335278,8.59840174373755,0.16404830649250296,1.8937901801478656,2.2551777482345035
1/12/21,671853.3191714432,12915.758611276491,329111.9518838928,37090631.37295028,8.53103964307633,0.16472206774349768,1.9193804362902547,2.2525893905710888
1/13/21,668606.3190978031,13065.34932054771,330097.67379352293,37438431.01771712,8.48997036994566,0.16671828993970816,1.9523339096578398,2.2502987267382
1/14/21,666404.1833361284,13266.607058261174,331616.72858092847,37780203.22230758,8.462073008887474,0.16933011029794498,1.9897481707495286,2.2482642730137132
1/15/21,664839.5095746912,13469.134123629268,333830.3717476792,38116087.371248454,8.442366602388303,0.17182716213152596,2.0253040484646685,2.246451811168471
1/16/21,661699.6476415248,13632.537845268236,334925.45752803446,38445845.25900816,8.40252703070394,0.17371601763565309,2.0613521195952735,2.244832864862316
1/17/21,654859.6001996134,13652.3117770612,335104.4267700371,38766998.97014318,8.315774956415597,0.1737330661537442,2.086985898877288,2.243383529339901
1/18/21,646128.5041994844,13606.5783165574,334738.9812383725,39078414.67417148,8.204856806373071,0.17294958962092144,2.109654977320299,2.2420835687034733
1/19/21,638198.4866963087,13665.272918800381,334368.2722209246,39380927.765141256,8.104177521119192,0.17352631476514643,2.148395442878146,2.2411514070645504
1/20/21,631934.1005711332,13781.7603958858,334267.3115639445,39675997.28235855,8.024610882957594,0.17477773132200528,2.1903049735313407,2.240491058813335
1/21/21,627282.3377113339,13925.568707890236,333760.1488646836,39965724.3166049,7.96550366074235,0.1764579661208727,2.2305511678046885,2.2400309152286115
1/22/21,623219.7250601159,14066.56322371217,334130.8844024607,40249922.21840321,7.913909676795099,0.1781542016074879,2.268483212967199,2.2399533052241014
1/23/21,617906.1765687325,14143.919046626272,334784.22443411616,40527211.033046156,7.846480465158941,0.17911425501067976,2.301592341470842,2.2401373767032826
1/24/21,609080.9498824269,14088.168263482728,334146.56087370793,40795584.67638955,7.734530117035266,0.1783731434873068,2.326638201565485,2.2404948681205306
1/25/21,599171.7086837633,13959.787912664167,332263.7944837749,41055350.680761434,7.608881210426538,0.1767296011248687,2.343259525530948,2.2409617366988814
1/26/21,589288.8290979341,13893.726538335051,331407.34917097306,41305513.63265118,7.48348774550575,0.17592592586163439,2.374507167679231,2.241491900724878
1/27/21,581066.1005568372,13895.171220988583,330788.7960801816,41547488.85305573,7.379135713160523,0.17594739895741426,2.410947139132622,2.2422882562483677
1/28/21,572904.5459971201,13873.333674668585,329501.27996866277,41782084.62459773,7.275509478109465,0.17558611989110226,2.443456021981964,2.2432466643555617
1/29/21,566502.5572159161,13936.458253062456,327490.3131995201,42011748.69664405,7.1941452961545815,0.17638750010940304,2.4833701188712256,2.2442925648065715
1/30/21,559059.004532858,13930.28025712687,325348.0700333495,42235685.09723952,7.099652817226095,0.17630994267535646,2.5160606249685924,2.245608938096082
1/31/21,549111.808891359,13780.844288684231,322763.59261654055,42452016.44720644,6.973250562724844,0.1744587030289238,2.5310534801366695,2.247078015910821
2/1/21,537424.2210178602,13579.85208568877,318888.4177328891,42660381.53745928,6.82485174267542,0.17191762761929885,2.5478125318668883,2.248616199983844
2/2/21,526417.7829536077,13470.427472478572,317498.5917958461,42858918.05040357,6.685042160753235,0.17061767847328355,2.5844673106033373,2.2501650738474512
2/3/21,516915.33746819093,13405.20728659826,315418.6850126889,43049806.15165327,6.564261385026824,0.1699557651689284,2.6226957234096306,2.251920394509528
2/4/21,508736.35585437913,13371.85842576773,313078.760494464,43234624.89256128,6.4604318857934775,0.16974286567513083,2.6606207040791103,2.2537745816846777
2/5/21,501315.0022831847,13337.58856484038,310888.7321241905,43414007.78058175,6.366321996828703,0.16936861417404403,2.6943817275344637,2.255652226672037
2/6/21,493425.9488621507,13251.81378338746,307877.42104750447,43588382.41525317,6.266184129628277,0.16842219651085957,2.7200403627074725,2.257501552008814
2/7/21,483711.85438995576,13048.696395464693,303181.6001347944,43757745.99770097,6.142863791943138,0.165930962523637,2.727570120944824,2.259288053108235
2/8/21,472331.2124522054,12787.413935353816,299648.3944825761,43919345.99796031,5.998453138185186,0.16268475295248197,2.7339207553312423,2.261225462803788
2/9/21,461948.00233898347,12570.226561547192,295734.15554836584,44074533.5128426,5.866688696415182,0.159944967485306,2.746627156821154,2.2632197206426063
2/10/21,453113.6708471185,12394.050976692237,293032.9783920166,44223618.49737919,5.754633790465928,0.15761376647311276,2.7598161439803857,2.2652055921825034
2/11/21,446115.2790697656,12264.829499023519,289868.4389772531,44368867.02122295,5.665914876773143,0.1558507490298794,2.772550714061129,2.267138961797353
2/12/21,440502.1518922961,12162.747870935613,286417.01231128204,44511936.524593696,5.594667575236859,0.15451524727078236,2.78302662388932,2.2689910994845235
2/13/21,435150.3190977458,12021.12412327669,283667.0711032362,44652437.615120634,5.526597449836825,0.15279455785069354,2.781586628497653,2.2709800945630336
2/14/21,428790.57066531637,11801.650904072501,280233.8314427433,44790133.720484905,5.44579154889103,0.15014569580114343,2.7652511501333064,2.2727794862437283
2/15/21,421330.52929397067,11545.215388395181,275599.80959795264,44925171.52646885,5.35093243301653,0.14692876406729993,2.746724397324272,2.27464336253704
2/16/21,415589.1718426791,11369.50710433624,272523.3709757175,45057639.77023093,5.277988476694238,0.14481591188653126,2.7382232557166226,2.2765071129032743
2/17/21,412380.6458027383,11275.427416253244,268947.1990765841,45190496.96307455,5.237206146956857,0.14373854176932888,2.733904513142328,2.2783268508393437
2/18/21,411157.6298128017,11205.098901746138,265545.5841894427,45325537.16792478,5.221589087474862,0.142918578056836,2.7238080716520963,2.2800738018946185
2/19/21,411052.35618653795,11141.861601765653,263110.50403971557,45462910.715427764,5.220135021618762,0.1420571036026243,2.7090820817065544,2.281730135313555
2/20/21,410643.4447441345,11042.05959394403,261164.38606119616,45601867.19869032,5.214901667783321,0.1407163536876286,2.687080225213463,2.283285874567895
2/21/21,407941.39484915714,10867.212629972206,257815.7583119067,45741596.13175476,5.180591351540521,0.13837456315699348,2.6585332713860934,2.284736613586648
2/22/21,403691.4856857957,10669.266790873673,254530.1874518367,45880514.31451172,5.1266308558000855,0.1358793485317558,2.634462285331025,2.286081834117108
2/23/21,398673.23664146924,10525.086867240774,252665.38348802112,46016383.05615443,5.062950843472749,0.13404579647261208,2.633090080802114,2.287323671088078
2/24/21,396281.918940268,10451.467737919837,250850.4804550755,46151712.61393615,5.032586920379862,0.1331763038174299,2.631849431003452,2.2884660113970026
2/25/21,396121.7689861934,10400.363595228222,249604.18428438474,46288146.464307725,5.030519532580339,0.1325108011908803,2.6224782069813686,2.289513840430307
2/26/21,397261.557949955,10368.96359292318,248209.74020315107,46427116.09709109,5.044894212369214,0.13199955279874898,2.609690340730893,2.290472772269026
2/27/21,398430.9544383828,10297.85675187676,246986.58730855965,46568522.349668704,5.059728674470828,0.13089806532768142,2.58639810226823,2.291348715743134
2/28/21,398659.9664502601,10150.166939683926,245951.4448936294,46711315.9589489,5.0625055958744944,0.1289502121025668,2.5477987356052054,2.2921476406377135
3/1/21,396619.10693901964,9980.144605470292,245922.51045618055,46852245.4865467,5.0365213648047025,0.12670902871389908,2.516916530744457,2.292875417441846
3/2/21,395643.45464003884,9876.737198646973,246287.2787997116,46991917.91291426,5.0241376517818725,0.125264174269062,2.49624683831922,2.293537710831508
3/3/21,396470.82215577393,9813.098834570612,246277.42306270782,47132473.0067257,5.034718922654122,0.12439431419663202,2.47545949038908,2.294139912164103
3/4/21,399229.7018453392,9779.29505947968,246891.5278316547,47275190.20033918,5.069842692421734,0.12393554543669075,2.4522538686037225,2.2946871000643547
3/5/21,403225.4376364166,9758.328818051446,247819.2965107561,47420981.40198162,5.120574477794548,0.1237668407835796,2.4263026302975783,2.295184021021414
3/6/21,407174.0381630297,9718.011445520995,248560.59715056902,47570006.70266347,5.170813958021872,0.12332776911019942,2.396269671441277,2.2956350840367423
3/7/21,408864.05810228246,9602.781901152117,248996.45281607806,47720389.15339144,5.192430473883558,0.12200831507970085,2.358043916920309,2.296044364942738
3/8/21,408720.9606040034,9475.111647748525,250256.09059493383,47869485.449621454,5.19079446439227,0.12059330369984274,2.3264669620219425,2.2961799263494935
3/9/21,409998.14043110935,9415.205156532635,251494.2539313924,48018670.624833934,5.207105532322088,0.11985380394552786,2.303686090981915,2.296126357027201
3/10/21,414064.4650493323,9402.199949750639,252642.71131467048,48170777.575400084,5.258792566800342,0.11959060367154653,2.2796394624828022,2.2959455751520577
3/11/21,419981.75433435116,9424.448516171335,253810.1676470822,48327603.8709044,5.333999095279545,0.11989284440921537,2.2557711528048623,2.2956826395754724
3/12/21,427361.2697231507,9472.359399719586,255198.35125465711,48490366.12464327,5.427652131600885,0.12057206158831747,2.2316437646458134,2.295370094735934
3/13/21,434049.5465553836,9487.714582563609,256212.3396835927,48658780.55249196,5.512537472668676,0.12078427508560227,2.203902302521179,2.295031217079384
3/14/21,438744.14514250634,9476.091311382075,257464.1213720262,48830643.29862404,5.572025190092747,0.12067425469071738,2.1788377929570037,2.294682438767129
3/15/21,441519.44036726933,9432.604238692118,260133.15309644747,49002650.25059164,5.607201834805003,0.12011224539023933,2.1550040111874,2.294335155396567
3/16/21,444920.63138714235,9451.436873537574,263195.5769534726,49174972.11508728,5.650253982640874,0.12043490354500175,2.141524246181576,2.293997072679966
3/17/21,451586.0926612064,9491.488879220142,266983.35509696155,49350127.062163554,5.734880355566901,0.12087952345086367,2.121489835869867,2.293437517361463
3/18/21,460842.013204885,9567.283844867674,270613.0532614041,49530828.31692925,5.85235257552362,0.12186789348460544,2.099596312787128,2.292740705516831
3/19/21,471353.07243785216,9694.232332175186,275293.53717186674,49717229.46719847,5.985832665974527,0.12343802490010483,2.0823768074689206,2.2919670795262093
3/20/21,481160.70596304454,9792.623690451295,279179.0730443157,49909450.944206744,6.110306733717714,0.12465926352627373,2.0628459055057493,2.2911595078991644
3/21/21,488093.84670552606,9800.357833378408,282987.72634862846,50104786.11356695,6.198389198431723,0.12467195497770726,2.0358415613689353,2.2901122201315838
3/22/21,492124.268686329,9778.805098344406,286080.4330805773,50301077.77854225,6.249540382017125,0.12433477165028439,2.014060354225983,2.2889267785414096
3/23/21,496513.8673176395,9814.182671493456,289340.00300202897,50498461.58365423,6.305274327564526,0.1247106313823131,2.0017614385699667,2.2876754298337483
3/24/21,503676.42420897493,9911.674929605037,293750.11312220915,50698498.069007106,6.396275811225163,0.12579768826354876,1.9914798321459146,2.2864088040418458
3/25/21,513400.4888350086,10034.238485759413,297948.73804707185,50903935.37064289,6.519695543936707,0.12734223527590485,1.97833277135133,2.2851616538470068
3/26/21,523102.58798975963,10132.055093628778,301325.44035512814,51115598.386851646,6.642901219272514,0.12868976677984847,1.961663565647181,2.2837214366323
3/27/21,530099.6592891933,10179.809623941715,305143.55343956396,51330390.91696737,6.731710760449897,0.12940032531584428,1.9448801970709397,2.2821840149914974
3/28/21,535555.6043328446,10147.391298079756,308751.68814349733,51547062.145277016,6.800954368580774,0.12895437300211943,1.9189872135326322,2.2806167987086496
3/29/21,538352.8087009921,10080.744265988618,312123.30722011946,51763224.21972587,6.836419704722281,0.12796901278182005,1.895294206212262,2.278830590154298
3/30/21,541882.523884527,10091.383314908076,315777.62996217166,51979249.79206727,6.881100537678118,0.12805460575604288,1.8828459919953968,2.276937721037344
3/31/21,547138.1378750158,10222.76324346998,322208.45154609025,52193967.63975059,6.94772235408195,0.12980843547833137,1.884693329856621,2.2750170113647883
4/1/21,557517.7676885448,10408.12898061832,328298.5965209375,52412788.57660439,7.079530290902527,0.1321827684872471,1.8818308513151176,2.273122659172193
4/2/21,569041.9925559,10626.83502512078,335391.4904399588,52635821.20552909,7.225879029433815,0.1349226440250272,1.8807860022690461,2.271290859570423
4/3/21,579264.9811782119,10831.475194124172,341378.72755404597,52862884.10090415,7.355793912002088,0.1376105627559639,1.8814718635716783,2.269544725328546
4/4/21,589281.5430414187,10930.218581668665,349902.56951702473,53091340.20755606,7.483032271745897,0.13902138162591388,1.8679973141836916,2.2676622468895826
4/5/21,596664.6826248214,10973.20149320987,356749.3421590291,53320289.00514563,7.576699314964722,0.13976711495254968,1.8527633901464498,2.2657315191186114
4/6/21,605619.7877843297,11068.883110083747,364457.51368326176,53550388.427003585,7.690370910231178,0.14122193843801417,1.841407202089688,2.26381352141119
4/7/21,616550.9499309874,11205.083896114957,371636.4768904282,53784103.278446965,7.829093767625201,0.1431241528693514,1.8313029510379917,2.261713685753233
4/8/21,628800.5303862845,11355.36994973253,378228.11125830875,54023325.27495862,7.984628175957623,0.14504975243489648,1.8204017529414427,2.2595398200970003
4/9/21,642567.205900272,11505.176851700333,385672.84646829613,54268718.938455835,8.159465596531517,0.1469458527347409,1.8068592173561444,2.2573669024219027
4/10/21,655487.6345801268,11633.144246939126,393861.4639260221,54518716.02333552,8.323496624994522,0.14854153421086314,1.7925486980451049,2.2550101515432415
4/11/21,665316.0963618765,11661.286875430947,403815.54885793757,54768558.959818624,8.448273678703302,0.14895277125060513,1.7714544352876906,2.2525840705617926
4/12/21,672596.2425590523,11667.976290256329,413678.0223134153,55015812.5330825,8.540616621099606,0.1490211129724446,1.7533199224311815,2.25016807465057
4/13/21,681477.6479457857,11734.413334464582,424882.97100085317,55260675.81212646,8.653296436962352,0.1497976809970246,1.7397445776285168,2.2475801814254934
4/14/21,692407.5376708634,11850.688859289081,434554.75068190345,55506680.64140559,8.791983706332566,0.15127272985552767,1.7286434377063702,2.2449365138743147
4/15/21,704710.7787871413,11978.46931714023,445879.5769195419,55753535.84762276,8.948132899288552,0.1529517952895769,1.7168920516829616,2.242081577210947
4/16/21,717851.5849167862,12142.635896700258,458143.73019616195,56001103.30690515,9.115056156103677,0.1549655645091012,1.7080399085133717,2.239150415213596
4/17/21,729285.2810199934,12277.471469283824,469259.30349834013,56248853.84219378,9.26038069914645,0.15668785120845394,1.6992446193409434,2.236236558702781
4/18/21,737033.2695465538,12333.60528160306,478331.52689475537,56495223.81749128,9.358853943801108,0.15746447070783143,1.6881026483524793,2.2331674437728086
4/19/21,741165.5002583956,12355.153241301698,489420.97349969373,56734614.85566292,9.411395975081529,0.15781609196523172,1.6805787070996165,2.2300651991519937
4/20/21,746281.2395791234,12432.150798395767,501467.033683483,56966998.4184769,9.47651584896957,0.15881349096529232,1.6780467080052182,2.2270135668362916
4/21/21,753350.8395454823,12567.2493182389,511893.56386914925,57195889.810409725,9.566321757306019,0.1604617451614818,1.6784939942389845,2.2240682392706064
4/22/21,761468.9643212303,12733.776021096839,523582.1580128984,57421044.07753031,9.669365921797642,0.16251327273103397,1.680718854424859,2.2212645424233157
4/23/21,770045.1724543076,12886.615588135945,535364.2221755777,57642839.53245014,9.778267008614428,0.1643190066744925,1.6807990980385605,2.2183874440229316
4/24/21,776456.9696535724,12994.029958656782,546834.3699631332,57859469.11680005,9.859589988198916,0.16567952445597625,1.679892009577334,2.2155282950535096
4/25/21,778710.4253894466,13004.230584989431,558071.2781457617,58067104.95242239,9.888208697249613,0.16576278061210356,1.6750359410908606,2.212748726524415
4/26/21,778161.129138742,12980.066740098331,567717.6458422228,58264569.20130593,9.881294024129307,0.1654478216159234,1.6720899381436694,2.209853037455955
4/27/21,777948.1450606758,12989.081884057057,576372.2998554581,58453156.71848546,9.87868765541327,0.1655768537675957,1.6728677718500304,2.206946717285889
4/28/21,779313.1336352426,13040.338671773625,585482.8935956864,58633947.3026406,9.89603905679161,0.16624013555599554,1.6756854662840308,2.2041016747896243
4/29/21,782444.8444532596,13111.35116670461,593795.9143289428,58809485.500014886,9.93573061276407,0.16725069630420905,1.6774655044476328,2.201365312818189
4/30/21,785806.7687530338,13191.493702511802,601854.7861140716,58980246.54906596,9.978349019843423,0.16823765230099041,1.6799128613987886,2.1985315794447797
5/1/21,788149.2155882197,13249.174843374778,609901.6898288605,59145245.40729101,10.008045379320077,0.16894962127323335,1.6818130778443066,2.1956984908838515
5/2/21,786470.4429501774,13222.94889525569,616614.4928965676,59301878.86793118,9.98678238185543,0.16851524974003265,1.68141131263648,2.1929326136414513
5/3/21,781539.5329385789,13154.909285512382,621458.9657046729,59448804.94204313,9.924097796120115,0.16754810599298334,1.683226350652401,2.190277581753201
5/4/21,776876.2482263269,13132.638799357876,627803.0387386032,59584745.88966068,9.864921671551809,0.1671846119941367,1.6907469033471791,2.187760422979618
5/5/21,773487.2167589882,13141.276769388025,632577.9157629181,59712514.255281046,9.822015160743458,0.167239740112264,1.6993733190176055,2.1853962475394093
5/6/21,770270.8695233668,13154.067267264321,637177.5986049427,59832453.76814055,9.781272732480494,0.16734224504010342,1.708311931833564,2.1829560231782024
5/7/21,766655.2464364386,13159.784469714044,640966.0567893917,59944983.45337519,9.735418504649632,0.16747451674396516,1.717487633830118,2.18052165318924
5/8/21,761016.3342832879,13143.05025528725,643576.5546533255,60049280.43640439,9.663839217491848,0.16738820044068545,1.7292007251299586,2.1781486359034847
5/9/21,752132.7840902255,13064.698303768762,645911.4379807911,60142437.31395098,9.551017531664538,0.1664483607674877,1.7407115438755225,2.1758732249076855
5/10/21,741181.9591677396,12970.589141373364,649820.2537610024,60220828.638298124,9.411896523928213,0.1651865708581695,1.7565274776754478,2.1737177465095763
5/11/21,730878.4634358119,12932.714991127741,654674.3085410843,60284100.266666315,9.281051543660896,0.16467858507781483,1.7793732037881975,2.171694540106633
5/12/21,722492.7226661771,12919.344272901191,658993.4159763104,60334680.399780124,9.174467900555884,0.16445893489598098,1.8000921113419153,2.169808870232323
5/13/21,706421.5519599346,12916.405057681573,661401.6596835022,60366784.041603036,8.970209921203733,0.16444032594884142,1.8818074149044373,2.1682967622754052
5/14/21,693620.2552507537,12915.81306829504,661938.9209121384,60385549.70290201,8.80764923464442,0.16432303061101525,1.941751554865129,2.166838360379989
5/15/21,682066.4576638949,12880.745217539852,661239.0763586961,60393496.465816945,8.66098195525018,0.16390577202797188,1.9838440369297987,2.165450813819367
5/16/21,669493.7780712887,12785.821959587207,657009.8743689683,60393194.66243014,8.501463318981623,0.16282320331161204,2.013996390196318,2.1641441019751917
5/17/21,655805.388192738,12635.554009554242,653443.6557765192,60382920.944877684,8.327782614576824,0.16107851855998775,2.034855855534077,2.1629230985688346
5/18/21,643622.1463290289,12541.643495437702,649220.9272612474,60364780.614682324,8.173087062378814,0.15986794716585312,2.058338724576258,2.1617890942145146
5/19/21,633573.9013352937,12484.104973947266,644150.9191254912,60341719.577266596,8.045540106622592,0.15904872716097332,2.0788077479108575,2.160740915129152
5/20/21,624705.3062162206,12455.76450169092,641960.9415205831,60312008.25476264,7.932841816957251,0.158514657581867,2.0995753416551715,2.160011431986786
5/21/21,615871.633257463,12426.266023374792,638422.8438290673,60277030.84818199,7.8206303902905105,0.15795118531053046,2.1202919697929037,2.1595156299367875
5/22/21,606678.5123633811,12368.06330415534,632936.0651381098,60238405.295516744,7.703852299802661,0.15714532968950182,2.137421724504846,2.159190251358357
5/23/21,595325.528800684,12235.00300199301,625838.3906409771,60195657.48810969,7.55962001378991,0.15548674557749348,2.1493543010899687,2.1589883090833104
5/24/21,582704.8073909308,12061.228613948315,618738.5828441373,60147562.53606298,7.399194951347157,0.1532880004935284,2.1598321407567678,2.1588749757884473
5/25/21,571239.6972320898,12017.49286574966,613094.2207365222,60093690.566808954,7.253470573122788,0.1526596771006089,2.1940580640719247,2.1588245050931874
5/26/21,561480.8799339695,11985.627086129085,607263.268495168,60035922.593835846,7.1294160325600275,0.15217017542345393,2.2233398025504147,2.1588179260540237
5/27/21,552943.117387069,11920.905396924083,599105.321110959,59977839.52336607,7.02088428990028,0.15131512975854444,2.240559359834105,2.1588413173604786
5/28/21,544125.4061004984,11847.198468579103,591828.9237595986,59918288.84224556,6.908956706286232,0.15046761619598983,2.258606949287401,2.158884515993708
5/29/21,534659.762112325,11739.758058644404,584206.3403285148,59857002.537677534,6.788875512934376,0.1491738125755542,2.273491978087391,2.1589401514481636
5/30/21,523240.7442828601,11562.274951485007,575665.529764308,59793015.50596222,6.643930896443015,0.14690026860331065,2.2832852766439635,2.1590029238683943
5/31/21,510735.33669025695,11359.520087831426,566241.9926082772,59726149.3559666,6.485277257910144,0.14425047030301683,2.295281251678238,2.159069064889278
6/1/21,498926.25861922686,11205.16171712245,556269.7946995198,59657600.68172726,6.335427642242362,0.14235030184210914,2.3172113157835765,2.159135935292885
6/2/21,489003.9619133186,11076.21577997119,547054.589946784,59588473.859250925,6.209467494830712,0.14076844588553294,2.334766575262954,2.15920172508673
6/3/21,481427.1161335373,11104.201441830952,537651.4634017252,59521145.329866424,6.1133101430207555,0.14108993607600356,2.3746266017890654,2.1595009210643683
6/4/21,474880.44910911506,11138.197088568424,527442.9804890252,59457444.61890153,6.030236321261128,0.1415183240754892,2.411257508398284,2.159951616394932
6/5/21,467923.22765049455,11129.985696206093,516066.39085622,59398171.48585301,5.9419810433881555,0.14130215775070007,2.44200325028036,2.1604946016612194
6/6/21,459305.4579231792,11080.593167015724,506301.86010998936,59340094.504857995,5.8327237963388505,0.14065324518986416,2.4774542270439164,2.16108748114626
6/7/21,449916.0253515891,10974.222299446172,495908.95965977164,59283127.361255474,5.713660683871014,0.13925428384500346,2.5039527284058143,2.1617002797859306
6/8/21,441766.42251910357,10896.704195375061,488006.21398416156,59225990.87737407,5.610305066291004,0.13832155539507843,2.530580367087088,2.162312166260319
6/9/21,434990.9247627403,10824.868446947241,479367.0372131766,59170789.90714524,5.524297868414571,0.13749182828543824,2.550068795260365,2.1631447023431125
6/10/21,429469.28004759364,10740.107622480476,471167.7830640144,59118351.3061691,5.454223654655214,0.1365159343078574,2.558591704964178,2.1641075019919755
6/11/21,425106.5596769087,10646.066299679715,462024.90332302154,59070786.90497509,5.398745404043506,0.135463751163926,2.5578151044419006,2.165136096430888
6/12/21,420309.11889287655,10521.72844815673,452746.1081947956,59027828.19515171,5.337755607302984,0.1339131626566794,2.5519181720208417,2.1661851417648856
6/13/21,414326.95955302153,10351.15161482392,442020.301663738,58989783.708605565,5.261732025559924,0.13182486611180405,2.540796493853037,2.1672233542060813
6/14/21,407489.9018035073,10155.91932990201,432735.62650290545,58954382.07107882,5.174931000472339,0.12942052763286502,2.5287447199479165,2.1682297382255866
6/15/21,402909.7425542895,9995.701958574013,423380.3860364078,58923915.73152766,5.116794237787545,0.12732955389408648,2.5125741345945873,2.1691907818796254
6/16/21,399650.3008277705,9871.55458010184,416468.327494395,58897226.1556152,5.075492386655997,0.12573641972573324,2.4979935406455342,2.170098375233656
6/17/21,397662.65393705945,9758.690503692771,408785.46216071834,58876344.66171923,5.0503708690845155,0.12428332224092772,2.4791800874255303,2.1709482690425626
6/18/21,396783.9674987079,9669.656280535115,401677.757313161,58861781.22000014,5.039189534313406,0.12319528967566179,2.460055917010721,2.1717389367503754
6/19/21,395388.39739194926,9559.029068943999,394324.8539718618,58853285.738314636,5.021478530530381,0.12190950531503379,2.4381074369249918,2.172470737283642
6/20/21,392457.0018214462,9402.236814480957,386134.4456813879,58850206.061229914,4.984193806677691,0.12004831267470945,2.411929439258423,2.17314530190394
6/21/21,389064.8032454197,9228.763624093668,379187.76351350616,58850854.34058901,4.941090907013889,0.11784011596829151,2.3837310432343832,2.1737650877134675
6/22/21,386575.32969713316,9085.711195210995,372447.37079940917,58855896.59123628,4.909428799773588,0.11591962876837789,2.3588315598891207,2.1743330548903184
6/23/21,385188.1167974535,8991.348245511359,365711.94957484776,58866381.41288051,4.89170547602811,0.11471122635250969,2.340530915445813,2.174852435579707
6/24/21,385432.5880340993,8916.633882483831,362601.3051214154,58880296.064326406,4.8947101679439635,0.11377932806517108,2.319130655302492,2.17532657049344
6/25/21,386939.9582795561,8853.138712139167,358801.67963330966,58899581.20644845,4.9138456503011945,0.11305722101614166,2.2944793973440984,2.1757587953543065
6/26/21,387654.8435418299,8764.043920389047,354122.3443087265,58924349.663742855,4.922982552815557,0.11202326135689859,2.2672580043560577,2.1759166730368196
6/27/21,386728.41621629056,8653.460705011785,349641.8828592977,58952782.73818969,4.91120638460705,0.11056614112368367,2.2431747556847488,2.1758844676382383
6/28/21,385891.4238439399,8548.587286413771,347007.28782435856,58983118.2885485,4.900585886328649,0.10909160480966522,2.220141009924551,2.1757238992328563
6/29/21,386846.356590987,8475.77813233899,344765.941814418,59016722.92666511,4.912684298887726,0.10811137302708423,2.1964775414534983,2.1754799192180414
6/30/21,389342.74898064166,8428.163019737942,341437.95055844594,59056199.56340114,4.944408480272048,0.10749002189326856,2.1720012698287903,2.1751850286872707
7/1/21,393219.5248948057,8407.410566113076,338027.4064996009,59102984.27243808,4.993666101829528,0.10712710045865313,2.1477854410557464,2.1748625053118755
7/2/21,398681.6690349056,8393.539589030552,335736.35294276674,59157536.050035164,5.063100738704327,0.1069482821703773,2.119367766497897,2.1745288127260203
7/3/21,402920.74986115546,8340.996562753493,336736.5399534942,59215379.2643709,5.117029136777222,0.106191665879555,2.086880060411525,2.17419539780506
7/4/21,405021.86934773845,8288.57049745471,336325.87687856535,59275786.68724005,5.143833311782435,0.10553177002722434,2.0641778588614756,2.1738700297841067
7/5/21,407135.99790143105,8249.503319123934,335243.4492603621,59339429.73337483,5.170671406893348,0.10495312880809488,2.0444155145661047,2.1735577965901687
7/6/21,411365.58868128626,8226.064524499896,333287.36916876555,59409281.88909903,5.224240131733249,0.10467901215485802,2.020280939995138,2.173261844839326
7/7/21,417222.95185168233,8218.74391613785,331875.03347505006,59486411.064226314,5.29847526716027,0.10461821750928801,1.993980861757622,2.1727482374270246
7/8/21,424954.109750338,8223.58185454371,329717.8860148686,59573423.706711166,5.3965481424203405,0.1047037638306613,1.9644727329412726,2.172098883358499
7/9/21,434235.762906728,8239.534684396966,329689.9617967832,59669729.9736837,5.51439460463728,0.10488670226121473,1.9327738056776573,2.1713726222513516
7/10/21,441827.9301251962,8233.176861820184,328518.44220489584,59774806.285237595,5.610841633770292,0.10489579591470123,1.9019836354687272,2.170611236059577
7/11/21,446475.6958811231,8190.436263765906,327438.97309424466,59885652.57220942,5.669973912046421,0.10431520206405133,1.8732435459609362,2.169843934827594
7/12/21,450646.15510965785,8138.672006204277,326217.3939086746,60001942.66181061,5.723105650896698,0.10358341267267641,1.8444522214344683,2.1690907001388324
7/13/21,455406.42886500095,8399.544346151448,325245.288182791,60123704.25851476,5.783636305741568,0.10677290912129844,1.8731061707566914,2.1683647738024745
7/14/21,461013.49208881136,8583.056719637172,324145.0907761354,60251989.603441186,5.854837063661677,0.10901557050503327,1.8851909651196836,2.167674507250621
7/15/21,467277.6507652614,8712.38068593966,324151.5425281596,60386403.33129431,5.934436098655818,0.11056219622106188,1.8854999343030954,2.167024733082081
7/16/21,477681.1349320751,8791.240725019408,322323.1568338375,60532970.06894103,6.066651949770289,0.11159955740421493,1.8681390643044051,2.1661820888384593
7/17/21,483669.5746833694,8841.810830361077,325674.82916033873,60682123.0038814,6.142638369584974,0.1122665292304756,1.8596894835122562,2.165228289704395
7/18/21,486840.5433455741,8841.756332206702,327992.6572368141,60832129.133882314,6.182880049284084,0.11219479665895433,1.8492432463571948,2.164221464031173
7/19/21,490262.2568739744,8833.805842830485,328918.2215313922,60984639.36358527,6.226175027430819,0.11209433989663735,1.835565685700404,2.1632023477732387
7/20/21,495322.2124399974,8850.918184316213,329945.75789264566,61141164.900132366,6.290321696601826,0.11221242951301799,1.8209582413543002,2.16219890224686
7/21/21,502406.9735538979,8892.500707793017,330802.07513438823,61303877.29801078,6.380083886207219,0.11271188367485287,1.8048849636465325,2.1612297520266197
7/22/21,510530.1616921363,8953.119534543928,331798.24936607585,61473656.09095328,6.4830096829500325,0.11345862432977313,1.78913755175487,2.1600710495026822
7/23/21,521276.3691503343,9009.614551197506,331894.9729719084,61654027.87271726,6.6193203115038015,0.11412005407366059,1.767147615880725,2.1588108950304803
7/24/21,528483.5311778389,9044.087823061733,331301.5442516585,61842165.77194423,6.710752698421194,0.11447225260185094,1.7508630949527586,2.1575115256720565
7/25/21,532308.9016119716,9029.203435343858,329905.6190753544,62035539.85115768,6.7591742467106055,0.11413470993234898,1.7348312879949843,2.1562161428712714
7/26/21,535821.7893681009,8998.39412822697,327855.2487011863,62234507.99779797,6.803634966696376,0.11357227747997031,1.7167564035755887,2.1549539990961386
7/27/21,540528.5205310301,9009.392408814805,325911.23094726994,62440115.89506494,6.863212493444734,0.11357740756463773,1.7024334967072905,2.1537441819226615
7/28/21,547023.7785241734,9051.807163818632,324382.0583795509,62653705.80812909,6.945560329195388,0.11396795785347326,1.6888756412209502,2.1523627332733932
7/29/21,547023.7785241734,9051.807163818632,324382.0583795509,62653705.80812909,6.945560329195388,0.11396795785347326,1.6888756412209502,2.1523627332733932
7/30/21,547023.7785241734,9051.807163818632,324382.0583795509,62653705.80812909,6.945560329195388,0.11396795785347326,1.6888756412209502,2.1523627332733932
7/31/21,547023.7785241734,9051.807163818632,324382.0583795509,62653705.80812909,6.945560329195388,0.11396795785347326,1.6888756412209502,2.1523627332733932
8/1/21,547023.7785241734,9051.807163818632,324382.0583795509,62653705.80812909,6.945560329195388,0.11396795785347326,1.6888756412209502,2.1523627332733932
8/2/21,547023.7785241734,9051.807163818632,324382.0583795509,62653705.80812909,6.945560329195388,0.11396795785347326,1.6888756412209502,2.1523627332733932
8/3/21,547023.7785241734,9051.807163818632,324382.0583795509,62653705.80812909,6.945560329195388,0.11396795785347326,1.6888756412209502,2.1523627332733932
8/4/21,547023.7785241734,9051.807163818632,324382.0583795509,62653705.80812909,6.945560329195388,0.11396795785347326,1.6888756412209502,2.1523627332733932
