,confirmed_daily,confirmed_cumulative,deaths_daily,deaths_cumulative,recovered_daily,recovered_cumulative,prevalence_daily,incidence_rate,mortality,cfr_daily,cfr_cumulative
1/22/20,557.0,557,17.0,17,30.0,30,510,0.01,0.0,3.05,3.05
1/23/20,100.0,657,1.0,18,2.0,32,607,0.0,0.0,1.0,2.74
1/24/20,287.0,944,8.0,26,7.0,39,879,0.0,0.0,2.79,2.75
1/25/20,493.0,1437,16.0,42,3.0,42,1353,0.01,0.0,3.25,2.92
1/26/20,683.0,2120,14.0,56,14.0,56,2008,0.01,0.0,2.05,2.64
1/27/20,809.0,2929,26.0,82,9.0,65,2782,0.01,0.0,3.21,2.8
1/28/20,2651.0,5580,49.0,131,43.0,108,5341,0.03,0.0,1.85,2.35
1/29/20,589.0,6169,2.0,133,19.0,127,5909,0.01,0.0,0.34,2.16
1/30/20,2068.0,8237,39.0,172,18.0,145,7920,0.03,0.0,1.89,2.09
1/31/20,1690.0,9927,42.0,214,80.0,225,9488,0.02,0.0,2.49,2.16
2/1/20,2111.0,12038,46.0,260,62.0,287,11491,0.03,0.0,2.18,2.16
2/2/20,4749.0,16787,104.0,364,189.0,476,15947,0.06,0.0,2.19,2.17
2/3/20,3100.0,19887,64.0,428,151.0,627,18832,0.04,0.0,2.06,2.15
2/4/20,4012.0,23899,66.0,494,230.0,857,22548,0.05,0.0,1.65,2.07
2/5/20,3745.0,27644,72.0,566,273.0,1130,25948,0.05,0.0,1.92,2.05
2/6/20,3162.0,30806,70.0,636,363.0,1493,28677,0.04,0.0,2.21,2.06
2/7/20,3594.0,34400,85.0,721,523.0,2016,31663,0.05,0.0,2.37,2.1
2/8/20,2731.0,37131,87.0,808,601.0,2617,33706,0.03,0.0,3.19,2.18
2/9/20,3031.0,40162,100.0,908,630.0,3247,36007,0.04,0.0,3.3,2.26
2/10/20,2609.0,42771,107.0,1015,702.0,3949,37807,0.03,0.0,4.1,2.37
2/11/20,2043.0,44814,100.0,1115,735.0,4684,39015,0.03,0.0,4.89,2.49
2/12/20,418.0,45232,5.0,1120,467.0,5151,38961,0.01,0.0,1.2,2.48
2/13/20,15152.0,60384,253.0,1373,1143.0,6294,52717,0.19,0.0,1.67,2.27
2/14/20,6528.0,66912,152.0,1525,1767.0,8061,57326,0.08,0.0,2.33,2.28
2/15/20,2143.0,69055,143.0,1668,1336.0,9397,57990,0.03,0.0,6.67,2.42
2/16/20,2183.0,71238,104.0,1772,1470.0,10867,58599,0.03,0.0,4.76,2.49
2/17/20,2035.0,73273,98.0,1870,1720.0,12587,58816,0.03,0.0,4.82,2.55
2/18/20,1882.0,75155,140.0,2010,1765.0,14352,58793,0.02,0.0,7.44,2.67
2/19/20,500.0,75655,115.0,2125,1771.0,16123,57407,0.01,0.0,23.0,2.81
2/20/20,561.0,76216,125.0,2250,2058.0,18181,55785,0.01,0.0,22.28,2.95
2/21/20,630.0,76846,4.0,2254,713.0,18894,55698,0.01,0.0,0.63,2.93
2/22/20,1762.0,78608,208.0,2462,3998.0,22892,53254,0.02,0.0,11.8,3.13
2/23/20,382.0,78990,11.0,2473,505.0,23397,53120,0.0,0.0,2.88,3.13
2/24/20,568.0,79558,160.0,2633,1832.0,25229,51696,0.01,0.0,28.17,3.31
2/25/20,854.0,80412,80.0,2713,2678.0,27907,49792,0.01,0.0,9.37,3.37
2/26/20,972.0,81384,61.0,2774,2481.0,30388,48222,0.01,0.0,6.28,3.41
2/27/20,1344.0,82728,43.0,2817,2894.0,33282,46629,0.02,0.0,3.2,3.41
2/28/20,1424.0,84152,59.0,2876,3432.0,36714,44562,0.02,0.0,4.14,3.42
2/29/20,1871.0,86023,70.0,2946,3071.0,39785,43292,0.02,0.0,3.74,3.42
3/1/20,2379.0,88402,54.0,3000,2936.0,42721,42681,0.03,0.0,2.27,3.39
3/2/20,1980.0,90382,90.0,3090,2884.0,45605,41687,0.03,0.0,4.55,3.42
3/3/20,2612.0,92994,74.0,3164,2622.0,48227,41603,0.03,0.0,2.83,3.4
3/4/20,2344.0,95338,96.0,3260,2943.0,51170,40908,0.03,0.0,4.1,3.42
3/5/20,2740.0,98078,95.0,3355,2626.0,53796,40927,0.03,0.0,3.47,3.42
3/6/20,3984.0,102062,114.0,3469,2068.0,55864,42729,0.05,0.0,2.86,3.4
3/7/20,4137.0,106199,104.0,3573,2494.0,58358,44268,0.05,0.0,2.51,3.36
3/8/20,3798.0,109997,242.0,3815,2337.0,60695,45487,0.05,0.0,6.37,3.47
3/9/20,4295.0,114292,194.0,4009,1800.0,62495,47788,0.05,0.0,4.52,3.51
3/10/20,4759.0,119051,275.0,4284,1907.0,64402,50365,0.06,0.0,5.78,3.6
3/11/20,7476.0,126527,352.0,4636,2597.0,66999,54892,0.09,0.0,4.71,3.66
3/12/20,6756.0,133283,321.0,4957,1329.0,68328,59998,0.09,0.0,4.75,3.72
3/13/20,13194.0,146477,503.0,5460,1927.0,70255,70762,0.17,0.01,3.81,3.73
3/14/20,10888.0,157365,426.0,5886,2367.0,72622,78857,0.14,0.01,3.91,3.74
3/15/20,11233.0,168598,671.0,6557,3409.0,76031,86010,0.14,0.01,5.97,3.89
3/16/20,14567.0,183165,711.0,7268,2055.0,78086,97811,0.18,0.01,4.88,3.97
3/17/20,15174.0,198339,851.0,8119,2744.0,80830,109390,0.19,0.01,5.61,4.09
3/18/20,17561.0,215900,956.0,9075,2487.0,83317,123508,0.22,0.01,5.44,4.2
3/19/20,27087.0,242987,1142.0,10217,1641.0,84958,147812,0.34,0.01,4.22,4.2
3/20/20,29530.0,272517,1574.0,11791,2445.0,87403,173323,0.37,0.02,5.33,4.33
3/21/20,32427.0,304944,1808.0,13599,4247.0,91650,199695,0.41,0.02,5.58,4.46
3/22/20,34212.0,339156,1828.0,15427,6217.0,97867,225862,0.43,0.02,5.34,4.55
3/23/20,42555.0,381711,2096.0,17523,488.0,98355,265833,0.54,0.03,4.93,4.59
3/24/20,41883.0,423594,2426.0,19949,9619.0,107974,295671,0.53,0.03,5.79,4.71
3/25/20,51481.0,475075,2971.0,22920,5779.0,113753,338402,0.65,0.04,5.77,4.82
3/26/20,60814.0,535889,3253.0,26173,8372.0,122125,387591,0.77,0.04,5.35,4.88
3/27/20,63931.0,599820,3639.0,29812,8785.0,130910,439098,0.81,0.05,5.69,4.97
3/28/20,69582.0,669402,4049.0,33861,8511.0,139421,496120,0.88,0.05,5.82,5.06
3/29/20,56516.0,725918,3819.0,37680,9456.0,148877,539361,0.72,0.05,6.76,5.19
3/30/20,65011.0,790929,4370.0,42050,15336.0,164213,584666,0.83,0.06,6.72,5.32
3/31/20,78442.0,869371,5168.0,47218,13590.0,177803,644350,1.0,0.07,6.59,5.43
4/1/20,86357.0,955728,6644.0,53862,15272.0,193075,708791,1.1,0.08,7.69,5.64
4/2/20,82448.0,1038176,6253.0,60115,17143.0,210218,767843,1.05,0.08,7.58,5.79
4/3/20,84210.0,1122386,6502.0,66617,15422.0,225640,830129,1.07,0.08,7.72,5.94
4/4/20,60121.0,1182507,6359.0,72976,20412.0,246052,863479,0.76,0.08,10.58,6.17
4/5/20,71715.0,1254222,5921.0,78897,13836.0,259888,915437,0.91,0.08,8.26,6.29
4/6/20,74726.0,1328948,6427.0,85324,16709.0,276597,967027,0.95,0.08,8.6,6.42
4/7/20,68938.0,1397886,8517.0,93841,23262.0,299859,1004186,0.88,0.11,12.35,6.71
4/8/20,82176.0,1480062,7220.0,101061,28882.0,328741,1050260,1.04,0.09,8.79,6.83
4/9/20,87181.0,1567243,8155.0,109216,25254.0,353995,1104032,1.11,0.1,9.35,6.97
4/10/20,86422.0,1653665,7741.0,116957,21738.0,375733,1160975,1.1,0.1,8.96,7.07
4/11/20,75515.0,1729180,6982.0,123939,26250.0,401983,1203258,0.96,0.09,9.25,7.17
4/12/20,118581.0,1847761,6514.0,130453,19383.0,421366,1295942,1.51,0.08,5.49,7.06
4/13/20,71832.0,1919593,6513.0,136966,27257.0,448623,1334004,0.91,0.08,9.07,7.14
4/14/20,84633.0,2004226,7357.0,144323,25074.0,473697,1386206,1.07,0.09,8.69,7.2
4/15/20,78256.0,2082482,8765.0,153088,36539.0,510236,1419158,0.99,0.11,11.2,7.35
4/16/20,94468.0,2176950,7712.0,160800,30883.0,541119,1475031,1.2,0.1,8.16,7.39
4/17/20,87880.0,2264830,8888.0,169688,26184.0,567303,1527839,1.12,0.11,10.11,7.49
4/18/20,78252.0,2343082,6430.0,176118,23866.0,591169,1575795,0.99,0.08,8.22,7.52
4/19/20,76322.0,2419404,6101.0,182219,31783.0,622952,1614233,0.97,0.08,7.99,7.53
4/20/20,76482.0,2495886,6511.0,188730,22178.0,645130,1662026,0.97,0.08,8.51,7.56
4/21/20,76087.0,2571973,7196.0,195926,34802.0,679932,1696115,0.97,0.09,9.46,7.62
4/22/20,82038.0,2654011,7279.0,203205,30085.0,710017,1740789,1.04,0.09,8.87,7.66
4/23/20,82717.0,2736728,7270.0,210475,28730.0,738747,1787506,1.05,0.09,8.79,7.69
4/24/20,83563.0,2820291,6838.0,217313,50029.0,788776,1814202,1.06,0.09,8.18,7.71
4/25/20,83205.0,2903496,6050.0,223363,27755.0,816531,1863602,1.06,0.08,7.27,7.69
4/26/20,70795.0,2974291,4816.0,228179,28812.0,845343,1900769,0.9,0.06,6.8,7.67
4/27/20,70984.0,3045275,5445.0,233624,27884.0,873227,1938424,0.9,0.07,7.67,7.67
4/28/20,75832.0,3121107,6629.0,240253,33212.0,906439,1974415,0.96,0.08,8.74,7.7
4/29/20,77328.0,3198435,6980.0,247233,42077.0,948516,2002686,0.98,0.09,9.03,7.73
4/30/20,83652.0,3282087,6253.0,253486,65116.0,1013632,2014969,1.06,0.08,7.48,7.72
5/1/20,88946.0,3371033,5587.0,259073,38157.0,1051789,2060171,1.13,0.07,6.28,7.69
5/2/20,78262.0,3449295,6046.0,265119,40651.0,1092440,2091736,0.99,0.08,7.73,7.69
5/3/20,73997.0,3523292,4275.0,269394,32533.0,1124973,2128925,0.94,0.05,5.78,7.65
5/4/20,77637.0,3600929,4845.0,274239,34086.0,1159059,2167631,0.99,0.06,6.24,7.62
5/5/20,79685.0,3680614,6147.0,280386,36473.0,1195532,2204696,1.01,0.08,7.71,7.62
5/6/20,90422.0,3771036,6760.0,287146,46119.0,1241651,2242239,1.15,0.09,7.48,7.61
5/7/20,89138.0,3860174,5866.0,293012,39525.0,1281176,2285986,1.13,0.07,6.58,7.59
5/8/20,90483.0,3950657,5955.0,298967,36413.0,1317589,2334101,1.15,0.08,6.58,7.57
5/9/20,84343.0,4035000,4918.0,303885,53441.0,1371030,2360085,1.07,0.06,5.83,7.53
5/10/20,75223.0,4110223,4338.0,308223,33809.0,1404839,2397161,0.96,0.06,5.77,7.5
5/11/20,76141.0,4186364,4078.0,312301,46885.0,1451724,2422339,0.97,0.05,5.36,7.46
5/12/20,85280.0,4271644,5730.0,318031,37042.0,1488766,2464847,1.08,0.07,6.72,7.45
5/13/20,84348.0,4355992,5437.0,323468,55872.0,1544638,2487886,1.07,0.07,6.45,7.43
5/14/20,95642.0,4451634,5749.0,329217,39711.0,1584349,2538068,1.21,0.07,6.01,7.4
5/15/20,95902.0,4547536,5753.0,334970,48103.0,1632452,2580114,1.22,0.07,6.0,7.37
5/16/20,93890.0,4641426,4541.0,339511,56411.0,1688863,2613052,1.19,0.06,4.84,7.31
5/17/20,78363.0,4719789,3880.0,343391,41008.0,1729871,2646527,1.0,0.05,4.95,7.28
5/18/20,89132.0,4808921,4395.0,347786,52916.0,1782787,2678348,1.13,0.06,4.93,7.23
5/19/20,95818.0,4904739,4968.0,352754,52052.0,1834839,2717146,1.22,0.06,5.18,7.19
5/20/20,105423.0,5010162,5406.0,358160,58970.0,1893809,2758193,1.34,0.07,5.13,7.15
5/21/20,105973.0,5116135,5035.0,363195,51220.0,1945029,2807911,1.35,0.06,4.75,7.1
5/22/20,107342.0,5223477,5706.0,368901,108547.0,2053576,2801000,1.36,0.07,5.32,7.06
5/23/20,104150.0,5327627,4454.0,373355,54834.0,2108410,2845862,1.32,0.06,4.28,7.01
5/24/20,93216.0,5420843,3400.0,376755,55527.0,2163937,2880151,1.18,0.04,3.65,6.95
5/25/20,88223.0,5509066,1694.0,378449,63729.0,2227666,2902951,1.12,0.02,1.92,6.87
5/26/20,92362.0,5601428,4780.0,383229,55152.0,2282818,2935381,1.17,0.06,5.18,6.84
5/27/20,102556.0,5703984,5220.0,388449,63327.0,2346145,2969390,1.3,0.07,5.09,6.81
5/28/20,119993.0,5823977,4991.0,393440,66863.0,2413008,3017529,1.52,0.06,4.16,6.76
5/29/20,121436.0,5945413,5156.0,398596,77265.0,2490273,3056544,1.54,0.07,4.25,6.7
5/30/20,135043.0,6080456,4359.0,402955,70450.0,2560723,3116778,1.71,0.06,3.23,6.63
5/31/20,102860.0,6183316,3287.0,406242,76384.0,2637107,3139967,1.31,0.04,3.2,6.57
6/1/20,100264.0,6283580,3741.0,409983,54925.0,2692032,3181565,1.27,0.05,3.73,6.52
6/2/20,122641.0,6406221,5271.0,415254,104112.0,2796144,3194823,1.56,0.07,4.3,6.48
6/3/20,111216.0,6517437,5621.0,420875,79091.0,2875235,3221327,1.41,0.07,5.05,6.46
6/4/20,138230.0,6655667,5528.0,426403,70070.0,2945305,3283959,1.76,0.07,4.0,6.41
6/5/20,133406.0,6789073,5057.0,431460,69165.0,3014470,3343143,1.69,0.06,3.79,6.36
6/6/20,129330.0,6918403,4140.0,435600,72204.0,3086674,3396129,1.64,0.05,3.2,6.3
6/7/20,111012.0,7029415,3257.0,438857,55109.0,3141783,3448775,1.41,0.04,2.93,6.24
6/8/20,103048.0,7132463,4455.0,443312,151611.0,3293394,3395757,1.31,0.06,4.32,6.22
6/9/20,125982.0,7258445,5045.0,448357,82270.0,3375664,3434424,1.6,0.06,4.0,6.18
6/10/20,137162.0,7395607,5426.0,453783,79171.0,3454835,3486989,1.74,0.07,3.96,6.14
6/11/20,136186.0,7531793,5137.0,458920,85879.0,3540714,3532159,1.73,0.07,3.77,6.09
6/12/20,127474.0,7659267,4743.0,463663,79720.0,3620434,3575170,1.62,0.06,3.72,6.05
6/13/20,133908.0,7793175,4393.0,468056,85892.0,3706326,3618793,1.7,0.06,3.28,6.01
6/14/20,131947.0,7925122,3782.0,471838,70819.0,3777145,3676139,1.68,0.05,2.87,5.95
6/15/20,124912.0,8050034,4067.0,475905,80275.0,3857420,3716709,1.59,0.05,3.26,5.91
6/16/20,143899.0,8193933,7118.0,483023,97863.0,3955283,3755627,1.83,0.09,4.95,5.89
6/17/20,143202.0,8337135,5477.0,488500,118831.0,4074114,3774521,1.82,0.07,3.82,5.86
6/18/20,143094.0,8480229,5354.0,493854,81163.0,4155277,3831098,1.82,0.07,3.74,5.82
6/19/20,180996.0,8661225,6358.0,500212,94990.0,4250267,3910746,2.3,0.08,3.51,5.78
6/20/20,185883.0,8847108,4482.0,504694,115854.0,4366121,3976293,2.36,0.06,2.41,5.7
6/21/20,93062.0,8940170,4644.0,509338,68686.0,4434807,3996025,1.18,0.06,4.99,5.7
6/22/20,142332.0,9082502,3867.0,513205,91633.0,4526440,4042857,1.81,0.05,2.72,5.65
6/23/20,168123.0,9250625,5569.0,518774,104055.0,4630495,4101356,2.13,0.07,3.31,5.61
6/24/20,171436.0,9422061,5498.0,524272,115751.0,4746246,4151543,2.18,0.07,3.21,5.56
6/25/20,179515.0,9601576,5110.0,529382,92884.0,4839130,4233064,2.28,0.06,2.85,5.51
6/26/20,192490.0,9794066,5083.0,534465,105980.0,4945110,4314491,2.44,0.06,2.64,5.46
6/27/20,176412.0,9970478,4736.0,539201,106286.0,5051396,4379881,2.24,0.06,2.68,5.41
6/28/20,168457.0,10138935,3621.0,542822,89203.0,5140599,4455514,2.14,0.05,2.15,5.35
6/29/20,152682.0,10291617,4072.0,546894,94571.0,5235170,4509553,1.94,0.05,2.67,5.31
6/30/20,183771.0,10475388,5252.0,552146,117340.0,5352510,4570732,2.33,0.07,2.86,5.27
7/1/20,215128.0,10690516,5341.0,557487,115914.0,5468424,4664605,2.73,0.07,2.48,5.21
7/2/20,204970.0,10895486,5514.0,563001,284934.0,5753358,4579127,2.6,0.07,2.69,5.17
7/3/20,202638.0,11098124,5240.0,568241,109888.0,5863246,4666637,2.57,0.07,2.59,5.12
7/4/20,189714.0,11287838,4794.0,573035,195760.0,6059006,4655797,2.41,0.06,2.53,5.08
7/5/20,186220.0,11474058,3845.0,576880,119363.0,6178369,4718809,2.36,0.05,2.06,5.03
7/6/20,168273.0,11642331,4268.0,581148,123699.0,6302068,4759115,2.14,0.05,2.54,4.99
7/7/20,209569.0,11851900,6360.0,587508,145033.0,6447101,4817291,2.66,0.08,3.03,4.96
7/8/20,215286.0,12067186,5629.0,593137,158056.0,6605157,4868892,2.73,0.07,2.61,4.92
7/9/20,224596.0,12291782,5849.0,598986,134618.0,6739775,4953021,2.85,0.07,2.6,4.87
7/10/20,232881.0,12524663,5742.0,604728,139446.0,6879221,5040714,2.96,0.07,2.47,4.83
7/11/20,212820.0,12737483,5141.0,609869,125692.0,7004913,5122701,2.7,0.07,2.42,4.79
7/12/20,192932.0,12930415,4302.0,614171,111836.0,7116749,5199495,2.45,0.05,2.23,4.75
7/13/20,194478.0,13124893,4436.0,618607,140323.0,7257072,5249214,2.47,0.06,2.28,4.71
7/14/20,221027.0,13345920,5985.0,624592,142252.0,7399324,5322004,2.81,0.08,2.71,4.68
7/15/20,229786.0,13575706,5919.0,630511,159806.0,7559130,5386065,2.92,0.08,2.58,4.64
7/16/20,244912.0,13820618,6162.0,636673,152485.0,7711615,5472330,3.11,0.08,2.52,4.61
7/17/20,237420.0,14058038,7038.0,643711,183421.0,7895036,5519291,3.01,0.09,2.96,4.58
7/18/20,235341.0,14293379,6530.0,650241,150787.0,8045823,5597315,2.99,0.08,2.77,4.55
7/19/20,211891.0,14505270,4894.0,655135,88058.0,8133881,5716254,2.69,0.06,2.31,4.52
7/20/20,208144.0,14713414,3966.0,659101,159128.0,8293009,5761304,2.64,0.05,1.91,4.48
7/21/20,243021.0,14956435,6338.0,665439,174696.0,8467705,5823291,3.09,0.08,2.61,4.45
7/22/20,275356.0,15231791,7418.0,672857,179732.0,8647437,5911497,3.5,0.09,2.69,4.42
7/23/20,279631.0,15511422,6637.0,679494,176230.0,8823667,6008261,3.55,0.08,2.37,4.38
7/24/20,283506.0,15794928,6462.0,685956,228300.0,9051967,6057005,3.6,0.08,2.28,4.34
7/25/20,249557.0,16044485,6065.0,692021,219812.0,9271779,6080685,3.17,0.08,2.43,4.31
7/26/20,211809.0,16256294,4409.0,696430,143301.0,9415080,6144784,2.69,0.06,2.08,4.28
7/27/20,234386.0,16490680,5296.0,701726,171383.0,9586463,6202491,2.98,0.07,2.26,4.26
7/28/20,263887.0,16754567,6938.0,708664,170458.0,9756921,6288982,3.35,0.09,2.63,4.23
7/29/20,270234.0,17024801,6628.0,715292,202586.0,9959507,6350002,3.43,0.08,2.45,4.2
7/30/20,281781.0,17306582,6777.0,722069,213519.0,10173026,6411487,3.58,0.09,2.41,4.17
7/31/20,287462.0,17594044,6610.0,728679,199606.0,10372632,6492733,3.65,0.08,2.3,4.14
8/1/20,246271.0,17840315,5986.0,734665,180911.0,10553543,6552107,3.13,0.08,2.43,4.12
8/2/20,230611.0,18070926,4687.0,739352,138724.0,10692267,6639307,2.93,0.06,2.03,4.09
8/3/20,206057.0,18276983,4857.0,744209,222445.0,10914712,6618062,2.62,0.06,2.36,4.07
8/4/20,265304.0,18542287,7171.0,751380,223657.0,11138369,6652538,3.37,0.09,2.7,4.05
8/5/20,275156.0,18817443,7377.0,758757,221695.0,11360064,6698622,3.49,0.09,2.68,4.03
8/6/20,286702.0,19104145,6847.0,765604,188807.0,11548871,6789670,3.64,0.09,2.39,4.01
8/7/20,282434.0,19386579,6753.0,772357,192046.0,11740917,6873305,3.59,0.09,2.39,3.98
8/8/20,265227.0,19651806,6024.0,778381,200244.0,11941161,6932264,3.37,0.08,2.27,3.96
8/9/20,232995.0,19884801,5194.0,783575,178778.0,12119939,6981287,2.96,0.07,2.23,3.94
8/10/20,233212.0,20118013,5377.0,788952,164211.0,12284150,7044911,2.96,0.07,2.31,3.92
8/11/20,265563.0,20383576,6615.0,795567,305068.0,12589218,6998791,3.37,0.08,2.49,3.9
8/12/20,275070.0,20658646,6973.0,802540,240645.0,12829863,7026243,3.49,0.09,2.53,3.88
8/13/20,290094.0,20948740,6787.0,809327,163916.0,12993779,7145634,3.68,0.09,2.34,3.86
8/14/20,307073.0,21255813,6567.0,815894,283242.0,13277021,7162898,3.9,0.08,2.14,3.84
8/15/20,249026.0,21504839,6054.0,821948,168604.0,13445625,7237266,3.16,0.08,2.43,3.82
8/16/20,210041.0,21714880,4800.0,826748,232954.0,13678579,7209553,2.67,0.06,2.29,3.81
8/17/20,212882.0,21927762,4623.0,831371,211012.0,13889591,7206800,2.7,0.06,2.17,3.79
8/18/20,259404.0,22187166,7056.0,838427,227595.0,14117186,7231553,3.29,0.09,2.72,3.78
8/19/20,277474.0,22464640,6423.0,844850,217997.0,14335183,7284607,3.52,0.08,2.31,3.76
8/20/20,271479.0,22736119,6427.0,851277,207790.0,14542973,7341869,3.45,0.08,2.37,3.74
8/21/20,261953.0,22998072,5772.0,857049,168494.0,14711467,7429556,3.33,0.07,2.2,3.73
8/22/20,263529.0,23261601,5789.0,862838,209917.0,14921384,7477379,3.35,0.07,2.2,3.71
8/23/20,202759.0,23464360,4307.0,867145,216531.0,15137915,7459300,2.57,0.05,2.12,3.7
8/24/20,228100.0,23692460,4857.0,872002,199421.0,15337336,7483122,2.9,0.06,2.13,3.68
8/25/20,245208.0,23937668,6563.0,878565,231549.0,15568885,7490218,3.11,0.08,2.68,3.67
8/26/20,281691.0,24219359,6537.0,885102,225734.0,15794619,7539638,3.58,0.08,2.32,3.65
8/27/20,287263.0,24506622,6215.0,891317,207237.0,16001856,7613449,3.65,0.08,2.16,3.64
8/28/20,283939.0,24790561,5825.0,897142,199118.0,16200974,7692445,3.61,0.07,2.05,3.62
8/29/20,260734.0,25051295,5788.0,902930,211413.0,16412387,7735978,3.31,0.07,2.22,3.6
8/30/20,219738.0,25271033,4274.0,907204,210240.0,16622627,7741202,2.79,0.05,1.95,3.59
8/31/20,264307.0,25535340,4433.0,911637,200790.0,16823417,7800286,3.36,0.06,1.68,3.57
9/1/20,266884.0,25802224,6601.0,918238,257962.0,17081379,7802607,3.39,0.08,2.47,3.56
9/2/20,281890.0,26084114,6317.0,924555,219237.0,17300616,7858943,3.58,0.08,2.24,3.54
9/3/20,285430.0,26369544,6100.0,930655,221369.0,17521985,7916904,3.62,0.08,2.14,3.53
9/4/20,301732.0,26671276,5840.0,936495,213501.0,17735486,7999295,3.83,0.07,1.94,3.51
9/5/20,273721.0,26944997,5093.0,941588,200988.0,17936474,8066935,3.48,0.06,1.86,3.49
9/6/20,228998.0,27173995,4135.0,945723,211791.0,18148265,8080007,2.91,0.05,1.81,3.48
9/7/20,217283.0,27391278,9623.0,955346,197548.0,18345813,8090119,2.76,0.12,4.43,3.49
9/8/20,246512.0,27637790,5123.0,960469,201797.0,18547610,8129711,3.13,0.07,2.08,3.48
9/9/20,285310.0,27923100,6265.0,966734,240267.0,18787877,8168489,3.62,0.08,2.2,3.46
9/10/20,304393.0,28227493,6002.0,972736,216661.0,19004538,8250219,3.87,0.08,1.97,3.45
9/11/20,316362.0,28543855,5999.0,978735,223670.0,19228208,8336912,4.02,0.08,1.9,3.43
9/12/20,288725.0,28832580,5058.0,983793,222934.0,19451142,8397645,3.67,0.06,1.75,3.41
9/13/20,248835.0,29081415,3963.0,987756,187848.0,19638990,8454669,3.16,0.05,1.59,3.4
9/14/20,267140.0,29348555,4607.0,992363,228499.0,19867489,8488703,3.39,0.06,1.72,3.38
9/15/20,280552.0,29629107,6562.0,998925,226287.0,20093776,8536406,3.56,0.08,2.34,3.37
9/16/20,304952.0,29934059,5868.0,1004793,229477.0,20323253,8606013,3.87,0.07,1.92,3.36
9/17/20,315573.0,30249632,5648.0,1010441,220211.0,20543464,8695727,4.01,0.07,1.79,3.34
9/18/20,326646.0,30576278,5852.0,1016293,251149.0,20794613,8765372,4.15,0.07,1.79,3.32
9/19/20,293119.0,30869397,5273.0,1021566,236985.0,21031598,8816233,3.72,0.07,1.8,3.31
9/20/20,255129.0,31124526,3982.0,1025548,237077.0,21268675,8830303,3.24,0.05,1.56,3.29
9/21/20,259909.0,31384435,4428.0,1029976,245478.0,21514153,8840306,3.3,0.06,1.7,3.28
9/22/20,284319.0,31668754,6151.0,1036127,219393.0,21733546,8899081,3.61,0.08,2.16,3.27
9/23/20,311653.0,31980407,6551.0,1042678,263413.0,21996959,8940770,3.96,0.08,2.1,3.26
9/24/20,320953.0,32301360,5668.0,1048346,255670.0,22252629,9000385,4.08,0.07,1.77,3.25
9/25/20,330614.0,32631974,6017.0,1054363,239208.0,22491837,9085774,4.2,0.08,1.82,3.23
9/26/20,286111.0,32918085,5432.0,1059795,262143.0,22753980,9104310,3.63,0.07,1.9,3.22
9/27/20,246994.0,33165079,3885.0,1063680,213879.0,22967859,9133540,3.14,0.05,1.57,3.21
9/28/20,261249.0,33426328,4114.0,1067794,222542.0,23190401,9168133,3.32,0.05,1.57,3.19
9/29/20,282800.0,33709128,6048.0,1073842,241284.0,23431685,9203601,3.59,0.08,2.14,3.19
9/30/20,324547.0,34033675,6426.0,1080268,248218.0,23679903,9273504,4.12,0.08,1.98,3.17
10/1/20,319112.0,34352787,8894.0,1089162,221542.0,23901445,9362180,4.05,0.11,2.79,3.17
10/2/20,329505.0,34682292,5730.0,1094892,172285.0,24073730,9513670,4.18,0.07,1.74,3.16
10/3/20,297355.0,34979647,4784.0,1099676,255601.0,24329331,9550640,3.78,0.06,1.61,3.14
10/4/20,260532.0,35240179,4041.0,1103717,222159.0,24551490,9584972,3.31,0.05,1.55,3.13
10/5/20,311345.0,35551524,7089.0,1110806,237468.0,24788958,9651760,3.95,0.09,2.28,3.12
10/6/20,316123.0,35867647,5862.0,1116668,232626.0,25021584,9729395,4.01,0.07,1.85,3.11
10/7/20,349194.0,36216841,5921.0,1122589,255191.0,25276775,9817477,4.43,0.08,1.7,3.1
10/8/20,359321.0,36576162,6383.0,1128972,219506.0,25496281,9950909,4.56,0.08,1.78,3.09
10/9/20,360403.0,36936565,6180.0,1135152,206790.0,25703071,10098342,4.58,0.08,1.71,3.07
10/10/20,355524.0,37292089,4905.0,1140057,195405.0,25898476,10253556,4.51,0.06,1.38,3.06
10/11/20,289494.0,37581583,4195.0,1144252,222640.0,26121116,10316215,3.68,0.05,1.45,3.04
10/12/20,290025.0,37871608,4127.0,1148379,200119.0,26321235,10401994,3.68,0.05,1.42,3.03
10/13/20,319372.0,38190980,5349.0,1153728,192445.0,26513680,10523572,4.06,0.07,1.67,3.02
10/14/20,380784.0,38571764,6163.0,1159891,212285.0,26725965,10685908,4.84,0.08,1.62,3.01
10/15/20,406996.0,38978760,6209.0,1166100,207327.0,26933292,10879368,5.17,0.08,1.53,2.99
10/16/20,410520.0,39389280,6213.0,1172313,203014.0,27136306,11080661,5.21,0.08,1.51,2.98
10/17/20,372133.0,39761413,5727.0,1178040,198283.0,27334589,11248784,4.73,0.07,1.54,2.96
10/18/20,331243.0,40092656,3959.0,1181999,201511.0,27536100,11374557,4.21,0.05,1.2,2.95
10/19/20,374950.0,40467606,4842.0,1186841,202531.0,27738631,11542134,4.76,0.06,1.29,2.93
10/20/20,388874.0,40856480,6624.0,1193465,211447.0,27950078,11712937,4.94,0.08,1.7,2.92
10/21/20,439611.0,41296091,6903.0,1200368,211222.0,28161300,11934423,5.58,0.09,1.57,2.91
10/22/20,482077.0,41778168,5978.0,1206346,226793.0,28388093,12183729,6.12,0.08,1.24,2.89
10/23/20,493901.0,42272069,7104.0,1213450,206734.0,28594827,12463792,6.27,0.09,1.44,2.87
10/24/20,456345.0,42728414,5918.0,1219368,211581.0,28806408,12702638,5.79,0.08,1.3,2.85
10/25/20,358833.0,43087247,4365.0,1223733,197258.0,29003666,12859848,4.56,0.06,1.22,2.84
10/26/20,483044.0,43570291,5839.0,1229572,239135.0,29242801,13097918,6.13,0.07,1.21,2.82
10/27/20,468463.0,44038754,7386.0,1236958,589705.0,29832506,12969290,5.95,0.09,1.58,2.81
10/28/20,521769.0,44560523,7175.0,1244133,265962.0,30098468,13217922,6.63,0.09,1.38,2.79
10/29/20,551375.0,45111898,7237.0,1251370,246751.0,30345219,13515309,7.0,0.09,1.31,2.77
10/30/20,571742.0,45683640,7775.0,1259145,255774.0,30600993,13823502,7.26,0.1,1.36,2.76
10/31/20,472105.0,46155745,6671.0,1265816,244329.0,30845322,14044607,5.99,0.08,1.41,2.74
11/1/20,439189.0,46594934,5356.0,1271172,257947.0,31103269,14220493,5.58,0.07,1.22,2.73
11/2/20,548369.0,47143303,6457.0,1277629,280137.0,31383406,14482268,6.96,0.08,1.18,2.71
11/3/20,565514.0,47708817,9572.0,1287201,251573.0,31634979,14786637,7.18,0.12,1.69,2.7
11/4/20,492144.0,48200961,9893.0,1297094,279319.0,31914298,14989569,6.25,0.13,2.01,2.69
11/5/20,619334.0,48820295,8740.0,1305834,303655.0,32217953,15296508,7.86,0.11,1.41,2.67
11/6/20,623183.0,49443478,9156.0,1314990,288361.0,32506314,15622174,7.91,0.12,1.47,2.66
11/7/20,599191.0,50042669,7786.0,1322776,299016.0,32805330,15914563,7.61,0.1,1.3,2.64
11/8/20,490849.0,50533518,6401.0,1329177,253240.0,33058570,16145771,6.23,0.08,1.3,2.63
11/9/20,509806.0,51043324,7581.0,1336758,257053.0,33315623,16390943,6.47,0.1,1.49,2.62
11/10/20,570745.0,51614069,9775.0,1346533,257360.0,33572983,16694553,7.25,0.12,1.71,2.61
11/11/20,624665.0,52238734,10417.0,1356950,380224.0,33953207,16928577,7.93,0.13,1.67,2.6
11/12/20,640195.0,52878929,9715.0,1366665,226239.0,34179446,17332818,8.13,0.12,1.52,2.58
11/13/20,660934.0,53539863,9897.0,1376562,302132.0,34481578,17681723,8.39,0.13,1.5,2.57
11/14/20,587026.0,54126889,9169.0,1385731,277819.0,34759397,17981761,7.45,0.12,1.56,2.56
11/15/20,490228.0,54617117,6928.0,1392659,230760.0,34990157,18234301,6.23,0.09,1.41,2.55
11/16/20,525634.0,55142751,8054.0,1400713,390730.0,35380887,18361151,6.67,0.1,1.53,2.54
11/17/20,602312.0,55745063,10969.0,1411682,433591.0,35814478,18518903,7.65,0.14,1.82,2.53
11/18/20,622265.0,56367328,11466.0,1423148,363110.0,36177588,18766592,7.9,0.15,1.84,2.52
11/19/20,653986.0,57021314,11140.0,1434288,374299.0,36551887,19035139,8.3,0.14,1.7,2.52
11/20/20,674031.0,57695345,11778.0,1446066,355424.0,36907311,19341968,8.56,0.15,1.75,2.51
11/21/20,592571.0,58287916,9305.0,1455371,339270.0,37246581,19585964,7.52,0.12,1.57,2.5
11/22/20,498080.0,58785996,7669.0,1463040,273724.0,37520305,19802651,6.32,0.1,1.54,2.49
11/23/20,534010.0,59320006,8725.0,1471765,411213.0,37931518,19916723,6.78,0.11,1.63,2.48
11/24/20,590786.0,59910792,12511.0,1484276,372179.0,38303697,20122819,7.5,0.16,2.12,2.48
11/25/20,617079.0,60527871,11993.0,1496269,437410.0,38741107,20290495,7.84,0.15,1.94,2.47
11/26/20,589261.0,61117132,10942.0,1507211,366876.0,39107983,20501938,7.48,0.14,1.86,2.47
11/27/20,695342.0,61812474,11521.0,1518732,381626.0,39489609,20804133,8.83,0.15,1.66,2.46
11/28/20,607567.0,62420041,9517.0,1528249,359706.0,39849315,21042477,7.72,0.12,1.57,2.45
11/29/20,495621.0,62915662,7653.0,1535902,318283.0,40167598,21212162,6.29,0.1,1.54,2.44
11/30/20,506577.0,63422239,9079.0,1544981,402256.0,40569854,21307404,6.43,0.12,1.79,2.44
12/1/20,614903.0,64037142,12387.0,1557368,476204.0,41046058,21433716,7.81,0.16,2.01,2.43
12/2/20,640247.0,64677389,12486.0,1569854,462926.0,41508984,21598551,8.13,0.16,1.95,2.43
12/3/20,690597.0,65367986,12707.0,1582561,426984.0,41935968,21849457,8.77,0.16,1.84,2.42
12/4/20,696359.0,66064345,12431.0,1594992,490617.0,42426585,22042768,8.84,0.16,1.79,2.41
12/5/20,642352.0,66706697,10604.0,1605596,435948.0,42862533,22238568,8.16,0.13,1.65,2.41
12/6/20,543941.0,67250638,8095.0,1613691,316044.0,43178577,22458370,6.91,0.1,1.49,2.4
12/7/20,534846.0,67785484,8832.0,1622523,413139.0,43591716,22571245,6.79,0.11,1.65,2.39
12/8/20,630666.0,68416150,12037.0,1634560,440771.0,44032487,22749103,8.01,0.15,1.91,2.39
12/9/20,665350.0,69081500,12569.0,1647129,426480.0,44458967,22975404,8.45,0.16,1.89,2.38
12/10/20,1495407.0,70576907,12418.0,1659547,491226.0,44950193,23967167,18.99,0.16,0.83,2.35
12/11/20,705751.0,71282658,13182.0,1672729,478140.0,45428333,24181596,8.96,0.17,1.87,2.35
12/12/20,648690.0,71931348,10829.0,1683558,1504943.0,46933276,23314514,8.24,0.14,1.67,2.34
12/13/20,538794.0,72470142,8229.0,1691787,395119.0,47328395,23449960,6.84,0.1,1.53,2.33
12/14/20,551156.0,73021298,9194.0,1700981,376641.0,41338398,29981919,7.0,0.12,1.67,2.33
12/15/20,648621.0,73669919,13223.0,1714204,358164.0,41696562,30259153,8.24,0.17,2.04,2.33
12/16/20,717542.0,74387461,13907.0,1728111,362220.0,42058782,30600568,9.11,0.18,1.94,2.32
12/17/20,738602.0,75126063,13166.0,1741277,375409.0,42434191,30950595,9.38,0.17,1.78,2.32
12/18/20,721438.0,75847501,13065.0,1754342,317728.0,42751919,31341240,9.16,0.17,1.81,2.31
12/19/20,635505.0,76483006,11258.0,1765600,351586.0,43103505,31613901,8.07,0.14,1.77,2.31
12/20/20,547301.0,77030307,8379.0,1773979,276829.0,43380334,31875994,6.95,0.11,1.53,2.3
12/21/20,546222.0,77576529,9485.0,1783464,343220.0,43723554,32069511,6.94,0.12,1.74,2.3
12/22/20,651457.0,78227986,13844.0,1797308,363185.0,44086739,32343939,8.27,0.18,2.13,2.3
12/23/20,682095.0,78910081,13741.0,1811049,324140.0,44410879,32688153,8.66,0.17,2.01,2.3
12/24/20,693391.0,79603472,12209.0,1823258,314672.0,44725551,33054663,8.8,0.16,1.76,2.29
12/25/20,493224.0,80096696,8624.0,1831882,291606.0,45017157,33247657,6.26,0.11,1.75,2.29
12/26/20,532644.0,80629340,8353.0,1840235,408164.0,45425321,33363784,6.76,0.11,1.57,2.28
12/27/20,413194.0,81042534,8154.0,1848389,292388.0,45717709,33476436,5.25,0.1,1.97,2.28
12/28/20,499185.0,81541719,9546.0,1857935,298426.0,46016135,33667649,6.34,0.12,1.91,2.28
12/29/20,671875.0,82213594,14937.0,1872872,353095.0,46369230,33971492,8.53,0.19,2.22,2.28
12/30/20,725300.0,82938894,15442.0,1888314,388245.0,46757475,34293105,9.21,0.2,2.13,2.28
12/31/20,839728.0,83778622,13463.0,1901777,298332.0,47055807,34821038,10.66,0.17,1.6,2.27
1/1/21,563692.0,84342314,9641.0,1911418,303304.0,47359111,35071785,7.16,0.12,1.71,2.27
1/2/21,604376.0,84946690,9462.0,1920880,255185.0,47614296,35411514,7.67,0.12,1.57,2.26
1/3/21,520330.0,85467020,7940.0,1928820,268482.0,47882778,35655422,6.61,0.1,1.53,2.26
1/4/21,557441.0,86024461,9950.0,1938770,290408.0,48173186,35912505,7.08,0.13,1.78,2.25
1/5/21,740890.0,86765351,15419.0,1954189,315361.0,48488547,36322615,9.41,0.2,2.08,2.25
1/6/21,790913.0,87556264,14921.0,1969110,313125.0,48801672,36785482,10.04,0.19,1.89,2.25
1/7/21,869958.0,88426222,14963.0,1984073,323931.0,49125603,37316546,11.05,0.19,1.72,2.24
1/8/21,835415.0,89261637,15290.0,1999363,297263.0,49422866,37839408,10.61,0.19,1.83,2.24
1/9/21,756267.0,90017904,13316.0,2012679,330245.0,49753111,38252114,9.6,0.17,1.76,2.24
1/10/21,601539.0,90619443,9557.0,2022236,270550.0,50023661,38573546,7.64,0.12,1.59,2.23
1/11/21,614474.0,91233917,10279.0,2032515,290288.0,50313949,38887453,7.8,0.13,1.67,2.23
1/12/21,692536.0,91926453,16962.0,2049477,343557.0,50657506,39219470,8.79,0.22,2.45,2.23
1/13/21,743273.0,92669726,16466.0,2065943,366061.0,51023567,39580216,9.44,0.21,2.22,2.23
1/14/21,759058.0,93428784,15720.0,2081663,372845.0,51396412,39950709,9.64,0.2,2.07,2.23
1/15/21,783853.0,94212637,15717.0,2097380,320622.0,51717034,40398223,9.95,0.2,2.01,2.23
1/16/21,656872.0,94869509,14033.0,2111413,317055.0,52034089,40724007,8.34,0.18,2.14,2.23
1/17/21,527610.0,95397119,9870.0,2121283,315715.0,52349804,40926032,6.7,0.13,1.87,2.22
1/18/21,517247.0,95914366,10448.0,2131731,318753.0,52668557,41114078,6.57,0.13,2.02,2.22
1/19/21,592782.0,96507148,15680.0,2147411,402944.0,53071501,41288236,7.53,0.2,2.65,2.23
1/20/21,687206.0,97194354,17749.0,2165160,327771.0,53399272,41629922,8.73,0.23,2.58,2.23
1/21/21,668756.0,97863110,17293.0,2182453,366139.0,53765411,41915246,8.49,0.22,2.59,2.23
1/22/21,663486.0,98526596,16059.0,2198512,381757.0,54147168,42180916,8.43,0.2,2.42,2.23
1/23/21,576716.0,99103312,14565.0,2213077,316493.0,54463661,42426574,7.32,0.18,2.53,2.23
1/24/21,461982.0,99565294,9762.0,2222839,310957.0,54774618,42567837,5.87,0.12,2.11,2.23
1/25/21,481552.0,100046846,11142.0,2233981,314441.0,55089059,42723806,6.11,0.14,2.31,2.23
1/26/21,561312.0,100608158,17415.0,2251396,329543.0,55418602,42938160,7.13,0.22,3.1,2.24
1/27/21,600964.0,101209122,16916.0,2268312,340769.0,55759371,43181439,7.63,0.21,2.81,2.24
1/28/21,615115.0,101824237,16526.0,2284838,315659.0,56075030,43464369,7.81,0.21,2.69,2.24
1/29/21,588982.0,102413219,15763.0,2300601,364107.0,56439137,43673481,7.48,0.2,2.68,2.25
1/30/21,514864.0,102928083,13285.0,2313886,351166.0,56790303,43823894,6.54,0.17,2.58,2.25
1/31/21,396609.0,103324692,9549.0,2323435,288899.0,57079202,43922055,5.04,0.12,2.41,2.25
2/1/21,443002.0,103767694,10248.0,2333683,272642.0,57351844,44082167,5.63,0.13,2.31,2.25
2/2/21,465454.0,104233148,14857.0,2348540,350190.0,57702034,44182574,5.91,0.19,3.19,2.25
2/3/21,525249.0,104758397,15859.0,2364399,329847.0,58031881,44362117,6.67,0.2,3.02,2.26
2/4/21,471774.0,105230171,12927.0,2377326,293989.0,58325870,44526975,5.99,0.16,2.74,2.26
2/5/21,536505.0,105766676,17181.0,2394507,281287.0,58607157,44765012,6.81,0.22,3.2,2.26
2/6/21,435198.0,106201874,11855.0,2406362,294557.0,58901714,44893798,5.53,0.15,2.72,2.27
2/7/21,351548.0,106553422,7768.0,2414130,277435.0,59179149,44960143,4.46,0.1,2.21,2.27
2/8/21,339917.0,106893339,9560.0,2423690,232834.0,59411983,45057666,4.32,0.12,2.81,2.27
2/9/21,407290.0,107300629,14730.0,2438420,371608.0,59783591,45078618,5.17,0.19,3.62,2.27
2/10/21,440464.0,107741093,13857.0,2452277,269308.0,60052899,45235917,5.59,0.18,3.15,2.28
2/11/21,443767.0,108184860,13870.0,2466147,276085.0,60328984,45389729,5.64,0.18,3.13,2.28
2/12/21,429589.0,108614449,12879.0,2479026,287599.0,60616583,45518840,5.46,0.16,3.0,2.28
2/13/21,380488.0,108994937,10686.0,2489712,246243.0,60862826,45642399,4.83,0.14,2.81,2.28
2/14/21,308645.0,109303582,7106.0,2496818,195431.0,61058257,45748507,3.92,0.09,2.3,2.28
2/15/21,280822.0,109584404,7817.0,2504635,288613.0,61346870,45732899,3.57,0.1,2.78,2.29
2/16/21,359793.0,109944197,11103.0,2515738,235405.0,61582275,45846184,4.57,0.14,3.09,2.29
2/17/21,386379.0,110330576,11355.0,2527093,293941.0,61876216,45927267,4.91,0.14,2.94,2.29
2/18/21,410800.0,110741376,11989.0,2539082,236618.0,62112834,46089460,5.22,0.15,2.92,2.29
2/19/21,409662.0,111151038,11658.0,2550740,234636.0,62347470,46252828,5.2,0.15,2.85,2.29
2/20/21,375210.0,111526248,9096.0,2559836,269216.0,62616686,46349726,4.76,0.12,2.42,2.3
2/21/21,319563.0,111845811,6791.0,2566627,217257.0,62833943,46445241,4.06,0.09,2.13,2.29
2/22/21,295569.0,112141380,7247.0,2573874,182570.0,63016513,46550993,3.75,0.09,2.45,2.3
2/23/21,392742.0,112534122,11481.0,2585355,278630.0,63295143,46653624,4.99,0.15,2.92,2.3
2/24/21,444930.0,112979052,12442.0,2597797,209459.0,63504602,46876653,5.65,0.16,2.8,2.3
2/25/21,452964.0,113432016,11003.0,2608800,227692.0,63732294,47090922,5.75,0.14,2.43,2.3
2/26/21,441940.0,113873956,10549.0,2619349,260268.0,63992562,47262045,5.61,0.13,2.39,2.3
2/27/21,396737.0,114270693,8730.0,2628079,250722.0,64243284,47399330,5.04,0.11,2.2,2.3
2/28/21,307785.0,114578478,6500.0,2634579,175177.0,64418461,47525438,3.91,0.08,2.11,2.3
3/1/21,305501.0,114883979,7508.0,2642087,214926.0,64633387,47608505,3.88,0.1,2.46,2.3
3/2/21,313263.0,115197242,10257.0,2652344,270104.0,64903491,47641407,3.98,0.13,3.27,2.3
3/3/21,441846.0,115639088,11557.0,2663901,229408.0,65132899,47842288,5.61,0.15,2.62,2.3
3/4/21,458408.0,116097496,10405.0,2674306,250280.0,65383179,48040011,5.82,0.13,2.27,2.3
3/5/21,449097.0,116546593,10541.0,2684847,226360.0,65609539,48252207,5.7,0.13,2.35,2.3
3/6/21,414027.0,116960620,8257.0,2693104,236503.0,65846042,48421474,5.26,0.1,1.99,2.3
3/7/21,374444.0,117335064,6081.0,2699185,238320.0,66084362,48551517,4.75,0.08,1.62,2.3
3/8/21,305469.0,117640533,7193.0,2706378,274558.0,66358920,48575235,3.88,0.09,2.35,2.3
3/9/21,414044.0,118054577,10493.0,2716871,262233.0,66621153,48716553,5.26,0.13,2.53,2.3
3/10/21,458867.0,118513444,10157.0,2727028,235356.0,66856509,48929907,5.83,0.13,2.21,2.3
3/11/21,489680.0,119003124,10213.0,2737241,272617.0,67129126,49136757,6.22,0.13,2.09,2.3
3/12/21,489248.0,119492372,9864.0,2747105,268556.0,67397682,49347585,6.21,0.13,2.02,2.3
3/13/21,455596.0,119947968,8652.0,2755757,252532.0,67650214,49541997,5.79,0.11,1.9,2.3
3/14/21,365075.0,120313043,5991.0,2761748,245688.0,67895902,49655393,4.64,0.08,1.64,2.3
3/15/21,354084.0,120667127,7507.0,2769255,289879.0,68185781,49712091,4.5,0.1,2.12,2.29
3/16/21,467034.0,121134161,10613.0,2779868,266485.0,68452266,49902027,5.93,0.13,2.27,2.29
3/17/21,545716.0,121679877,10590.0,2790458,264536.0,68716802,50172617,6.93,0.13,1.94,2.29
3/18/21,547929.0,122227806,10721.0,2801179,269076.0,68985878,50440749,6.96,0.14,1.96,2.29
3/19/21,562539.0,122790345,10816.0,2811995,279061.0,69264939,50713411,7.14,0.14,1.92,2.29
3/20/21,498447.0,123288792,8743.0,2820738,258211.0,69523150,50944904,6.33,0.11,1.75,2.29
3/21/21,440469.0,123729261,8552.0,2829290,280099.0,69803249,51096722,5.59,0.11,1.94,2.29
3/22/21,421191.0,124150452,7966.0,2837256,334629.0,70137878,51175318,5.35,0.1,1.89,2.29
3/23/21,505839.0,124656291,11485.0,2848741,313142.0,70451020,51356530,6.42,0.15,2.27,2.29
3/24/21,629699.0,125285990,10608.0,2859349,335642.0,70786662,51639979,8.0,0.13,1.68,2.28
3/25/21,652193.0,125938183,11553.0,2870902,311817.0,71098479,51968802,8.28,0.15,1.77,2.28
3/26/21,640042.0,126578225,12769.0,2883671,364586.0,71463065,52231489,8.13,0.16,2.0,2.28
3/27/21,584533.0,127162758,10210.0,2893881,305253.0,71768318,52500559,7.42,0.13,1.75,2.28
3/28/21,492654.0,127655412,7285.0,2901166,328788.0,72097106,52657140,6.26,0.09,1.48,2.27
3/29/21,459276.0,128114688,8663.0,2909829,304436.0,72401542,52803317,5.83,0.11,1.89,2.27
3/30/21,562206.0,128676894,11901.0,2921730,335243.0,72736785,53018379,7.14,0.15,2.12,2.27
3/31/21,673896.0,129350790,12931.0,2934661,382509.0,73119294,53296835,8.56,0.16,1.92,2.27
4/1/21,709819.0,130060609,12302.0,2946963,344786.0,73464080,53649566,9.01,0.16,1.73,2.27
4/2/21,644785.0,130705394,10652.0,2957615,320207.0,73784287,53963492,8.19,0.14,1.65,2.26
4/3/21,540350.0,131245744,9339.0,2966954,366001.0,74150288,54128502,6.86,0.12,1.73,2.26
4/4/21,559922.0,131805666,7428.0,2974382,348188.0,74498476,54332808,7.11,0.09,1.33,2.26
4/5/21,496989.0,132302655,8254.0,2982636,347813.0,74846289,54473730,6.31,0.1,1.66,2.25
4/6/21,607494.0,132910149,12453.0,2995089,369996.0,75216285,54698775,7.71,0.16,2.05,2.25
4/7/21,663139.0,133573288,15359.0,3010448,483305.0,75699590,54863250,8.42,0.2,2.32,2.25
4/8/21,836056.0,134409344,14301.0,3024749,395259.0,76094849,55289746,10.62,0.18,1.71,2.25
4/9/21,747318.0,135156662,14345.0,3039094,453713.0,76548562,55569006,9.49,0.18,1.92,2.25
4/10/21,670644.0,135827306,13006.0,3052100,384994.0,76933556,55841650,8.52,0.17,1.94,2.25
4/11/21,709612.0,136536918,9123.0,3061223,530472.0,77464028,56011667,9.01,0.12,1.29,2.24
4/12/21,613846.0,137150764,9908.0,3071131,394732.0,77858760,56220873,7.79,0.13,1.61,2.24
4/13/21,763824.0,137914588,13794.0,3084925,486462.0,78345222,56484441,9.7,0.18,1.81,2.24
4/14/21,811314.0,138725902,14090.0,3099015,446890.0,78792112,56834775,10.3,0.18,1.74,2.23
4/15/21,821231.0,139547133,13656.0,3112671,444402.0,79236514,57197948,10.43,0.17,1.66,2.23
4/16/21,859850.0,140406983,13380.0,3126051,504117.0,79740631,57540301,10.92,0.17,1.56,2.23
4/17/21,793987.0,141200970,12617.0,3138668,518536.0,80259167,57803135,10.08,0.16,1.59,2.22
4/18/21,700110.0,141901080,9139.0,3147807,580191.0,80839358,57913915,8.89,0.12,1.31,2.22
4/19/21,690932.0,142592012,11134.0,3158941,535375.0,81374733,58058338,8.77,0.14,1.61,2.22
4/20/21,839597.0,143431609,14294.0,3173235,604837.0,81979570,58278804,10.66,0.18,1.7,2.21
4/21/21,889242.0,144320851,14753.0,3187988,512300.0,82491870,58640993,11.29,0.19,1.66,2.21
4/22/21,899401.0,145220252,13921.0,3201909,636296.0,83128166,58890177,11.42,0.18,1.55,2.2
4/23/21,907659.0,146127911,15261.0,3217170,639832.0,83767998,59142743,11.53,0.19,1.68,2.2
4/24/21,824230.0,146952141,13132.0,3230302,576291.0,84344289,59377550,10.47,0.17,1.59,2.2
4/25/21,728486.0,147680627,10773.0,3241075,533814.0,84878103,59561449,9.25,0.14,1.48,2.19
4/26/21,689050.0,148369677,11630.0,3252705,687366.0,85565469,59551503,8.75,0.15,1.69,2.19
4/27/21,839122.0,149208799,15001.0,3267706,680904.0,86246373,59694720,10.66,0.19,1.79,2.19
4/28/21,898791.0,150107590,15945.0,3283651,596665.0,86843038,59980901,11.41,0.2,1.77,2.19
4/29/21,894035.0,151001625,15739.0,3299390,707316.0,87550354,60151881,11.35,0.2,1.76,2.19
4/30/21,891369.0,151892994,14419.0,3313809,686596.0,88236950,60342235,11.32,0.18,1.62,2.18
5/1/21,794910.0,152687904,13039.0,3326848,682450.0,88919400,60441656,10.09,0.17,1.64,2.18
5/2/21,687271.0,153375175,10331.0,3337179,693014.0,89612414,60425582,8.73,0.13,1.5,2.18
5/3/21,690457.0,154065632,11685.0,3348864,643489.0,90255903,60460865,8.77,0.15,1.69,2.17
5/4/21,784956.0,154850588,14059.0,3362923,656900.0,90912803,60574862,9.97,0.18,1.79,2.17
5/5/21,842001.0,155692589,14904.0,3377827,713482.0,91626285,60688477,10.69,0.19,1.77,2.17
5/6/21,872846.0,156565435,14576.0,3392403,675612.0,92301897,60871135,11.08,0.19,1.67,2.17
5/7/21,834826.0,157400261,14465.0,3406868,696129.0,92998026,60995367,10.6,0.18,1.73,2.16
5/8/21,788298.0,158188559,13329.0,3420197,711005.0,93709031,61059331,10.01,0.17,1.69,2.16
5/9/21,649409.0,158837968,10474.0,3430671,662793.0,94371824,61035473,8.25,0.13,1.61,2.16
5/10/21,625644.0,159463612,11092.0,3441763,628686.0,95000510,61021339,7.94,0.14,1.77,2.16
5/11/21,725799.0,160189411,14171.0,3455934,751004.0,95751514,60981963,9.22,0.18,1.95,2.16
5/12/21,767487.0,160956898,14141.0,3470075,647549.0,96399063,61087760,9.75,0.18,1.84,2.16
5/13/21,734699.0,161691597,13435.0,3483510,690117.0,97089180,61118907,9.33,0.17,1.83,2.15
5/14/21,709565.0,162401162,13028.0,3496538,665347.0,97754527,61150097,9.01,0.17,1.84,2.15
5/15/21,631612.0,163032774,12285.0,3508823,642537.0,98397064,61126887,8.02,0.16,1.95,2.15
5/16/21,546622.0,163579396,10301.0,3519124,667404.0,99064468,60995804,6.94,0.13,1.88,2.15
5/17/21,543542.0,164122938,11330.0,3530454,744462.0,99808930,60783554,6.9,0.14,2.08,2.15
5/18/21,619638.0,164742576,14076.0,3544530,743113.0,100552043,60646003,7.87,0.18,2.27,2.15
5/19/21,672045.0,165414621,13457.0,3557987,698027.0,101250070,60606564,8.53,0.17,2.0,2.15
5/20/21,282306.0,165696927,13180.0,3571167,636689.0,101886759,60239001,3.58,0.17,4.67,2.16
5/21/21,626475.0,166323402,12976.0,3584143,614788.0,102501547,60237712,7.96,0.16,2.07,2.15
5/22/21,572361.0,166895763,11445.0,3595588,616761.0,103118308,60181867,7.27,0.15,2.0,2.15
5/23/21,481623.0,167377386,9864.0,3605452,501971.0,103620279,60151655,6.12,0.13,2.05,2.15
5/24/21,451078.0,167828464,9146.0,3614598,627592.0,104247871,59965995,5.73,0.12,2.03,2.15
5/25/21,533407.0,168361871,12982.0,3627580,577063.0,104824934,59909357,6.77,0.16,2.43,2.15
5/26/21,568428.0,168930299,12807.0,3640387,555813.0,105380747,59909165,7.22,0.16,2.25,2.15
5/27/21,546897.0,169477196,12940.0,3653327,697358.0,106078105,59745764,6.94,0.16,2.37,2.16
5/28/21,505511.0,169982707,12021.0,3665348,554963.0,106633068,59684291,6.42,0.15,2.38,2.16
5/29/21,480420.0,170463127,10807.0,3676155,507600.0,107140668,59646304,6.1,0.14,2.25,2.16
5/30/21,389947.0,170853074,8400.0,3684555,489929.0,107630597,59537922,4.95,0.11,2.15,2.16
5/31/21,387056.0,171240130,8697.0,3693252,529169.0,108159766,59387112,4.91,0.11,2.25,2.16
6/1/21,460004.0,171700134,15214.0,3708466,583883.0,108743649,59248019,5.84,0.19,3.31,2.16
6/2/21,487628.0,172187762,11926.0,3720392,528374.0,109272023,59195347,6.19,0.15,2.45,2.16
6/3/21,480499.0,172668261,10158.0,3730550,429190.0,109701213,59236498,6.1,0.13,2.11,2.16
6/4/21,424891.0,173093152,10659.0,3741209,525502.0,110226715,59125228,5.4,0.14,2.51,2.16
6/5/21,396651.0,173489803,9413.0,3750622,478130.0,110704845,59034336,5.04,0.12,2.37,2.16
6/6/21,322981.0,173812784,7306.0,3757928,441526.0,111146371,58908485,4.1,0.09,2.26,2.16
6/7/21,321767.0,174134551,8075.0,3766003,421997.0,111568368,58800180,4.09,0.1,2.51,2.16
6/8/21,370117.0,174504668,10654.0,3776657,414736.0,111983104,58744907,4.7,0.14,2.88,2.16
6/9/21,418292.0,174922960,10183.0,3786840,452695.0,112435799,58700321,5.31,0.13,2.43,2.16
6/10/21,453504.0,175376464,15980.0,3802820,413689.0,112849488,58724156,5.76,0.2,3.52,2.17
6/11/21,422037.0,175798501,11740.0,3814560,375532.0,113225020,58758921,5.36,0.15,2.78,2.17
6/12/21,368380.0,176166881,9810.0,3824370,338974.0,113563994,58778517,4.68,0.12,2.66,2.17
6/13/21,302801.0,176469682,9271.0,3833641,429661.0,113993655,58642386,3.85,0.12,3.06,2.17
6/14/21,309302.0,176778984,7991.0,3841632,346774.0,114340429,58596923,3.93,0.1,2.58,2.17
6/15/21,374757.0,177153741,10751.0,3852383,460145.0,114800574,58500784,4.76,0.14,2.87,2.17
6/16/21,389175.0,177542916,10083.0,3862466,349227.0,115149801,58530649,4.94,0.13,2.59,2.18
6/17/21,395995.0,177938911,9299.0,3871765,380478.0,115530279,58536867,5.03,0.12,2.35,2.18
6/18/21,403507.0,178342418,9193.0,3880958,319563.0,115849842,58611618,5.12,0.12,2.28,2.18
6/19/21,347298.0,178689716,8081.0,3889039,331850.0,116181692,58618985,4.41,0.1,2.33,2.18
6/20/21,304764.0,178994480,6868.0,3895907,265094.0,116446786,58651787,3.87,0.09,2.25,2.18
6/21/21,296655.0,179291135,6984.0,3902891,357218.0,116804004,58584240,3.77,0.09,2.35,2.18
6/22/21,410214.0,179701349,8985.0,3911876,303404.0,117107408,58682065,5.21,0.11,2.19,2.18
6/23/21,396623.0,180097972,9346.0,3921222,399743.0,117507151,58669599,5.04,0.12,2.36,2.18
6/24/21,409259.0,180507231,8661.0,3929883,289711.0,117796862,58780486,5.2,0.11,2.12,2.18
6/25/21,417668.0,180924899,9234.0,3939117,328647.0,118125509,58860273,5.3,0.12,2.21,2.18
6/26/21,362897.0,181287796,7542.0,3946659,294559.0,118420068,58921069,4.61,0.1,2.08,2.18
6/27/21,311236.0,181599032,6095.0,3952754,258739.0,118678807,58967471,3.95,0.08,1.96,2.18
6/28/21,333018.0,181932050,6561.0,3959315,327456.0,119006263,58966472,4.23,0.08,1.97,2.18
6/29/21,381208.0,182313258,8159.0,3967474,293416.0,119299679,59046105,4.84,0.1,2.14,2.18
6/30/21,399468.0,182712726,9205.0,3976679,280941.0,119580620,59155427,5.07,0.12,2.3,2.18
7/1/21,435542.0,183148268,8541.0,3985220,427856.0,120008476,59154572,5.53,0.11,1.96,2.18
7/2/21,442342.0,183590610,8376.0,3993596,291042.0,120299518,59297496,5.62,0.11,1.89,2.18
7/3/21,373827.0,183964437,6903.0,4000499,269775.0,120569293,59394645,4.75,0.09,1.85,2.17
7/4/21,327744.0,184292181,6640.0,4007139,298888.0,120868181,59416861,4.16,0.08,2.03,2.17
7/5/21,377917.0,184670098,7391.0,4014530,366993.0,121235174,59420394,4.8,0.09,1.96,2.17
7/6/21,450531.0,185120629,8482.0,4023012,327843.0,121563017,59534600,5.72,0.11,1.88,2.17
7/7/21,465242.0,185585871,8554.0,4031566,268163.0,121831180,59723125,5.91,0.11,1.84,2.17
7/8/21,481879.0,186067750,8920.0,4040486,292651.0,122123831,59903433,6.12,0.11,1.85,2.17
7/9/21,513236.0,186580986,8417.0,4048903,339118.0,122462949,60069134,6.52,0.11,1.64,2.17
7/10/21,421113.0,187002099,6564.0,4055467,444204.0,122907153,60039479,5.35,0.08,1.56,2.17
7/11/21,369892.0,187371991,7631.0,4063098,290486.0,123197639,60111254,4.7,0.1,2.06,2.17
7/12/21,434164.0,187806155,8142.0,4071240,302236.0,123499875,60235040,5.51,0.1,1.88,2.17
7/13/21,525659.0,188331814,8381.0,4079621,283447.0,123783322,60468871,6.67,0.11,1.59,2.17
7/14/21,537982.0,188869796,8591.0,4088212,329741.0,124113063,60668521,6.83,0.11,1.6,2.16
7/15/21,576427.0,189446223,8635.0,4096847,281056.0,124394119,60955257,7.32,0.11,1.5,2.16
7/16/21,595938.0,190042161,8761.0,4105608,390705.0,124784824,61151729,7.57,0.11,1.47,2.16
7/17/21,488850.0,190531011,7510.0,4113118,280789.0,125065613,61352280,6.21,0.1,1.54,2.16
7/18/21,420209.0,190951220,6603.0,4119721,316483.0,125382096,61449403,5.34,0.08,1.57,2.16
7/19/21,489467.0,191440687,7226.0,4126947,306721.0,125688817,61624923,6.22,0.09,1.48,2.16
7/20/21,532419.0,191973106,20699.0,4147646,320180.0,126008997,61816463,6.76,0.26,3.89,2.16
7/21/21,556108.0,192529214,8667.0,4156313,306583.0,126315580,62057321,7.06,0.11,1.56,2.16
7/22/21,565189.0,193094403,8781.0,4165094,356128.0,126671708,62257601,7.18,0.11,1.55,2.16
7/23/21,728140.0,193822543,8331.0,4173425,246390.0,126918098,62731020,9.25,0.11,1.14,2.15
7/24/21,431919.0,194254462,8664.0,4182089,517226.0,127435324,62637049,5.48,0.11,2.01,2.15
7/25/21,445614.0,194700076,7382.0,4189471,327417.0,127762741,62747864,5.66,0.09,1.66,2.15
7/26/21,540627.0,195240703,8506.0,4197977,300460.0,128063201,62979525,6.86,0.11,1.57,2.15
7/27/21,606330.0,195847033,9789.0,4207766,345839.0,128409040,63230227,7.7,0.12,1.61,2.15
7/28/21,650083.0,196497116,10122.0,4217888,336663.0,128745703,63533525,8.25,0.13,1.56,2.15
7/29/21,642869.0,197139985,10266.0,4228154,348388.0,129094091,63817740,8.16,0.13,1.6,2.14
7/30/21,732354.0,197872339,9603.0,4237757,307191.0,129401282,64233300,9.3,0.12,1.31,2.14
7/31/21,517345.0,198389684,8844.0,4246601,303929.0,129705211,64437872,6.57,0.11,1.71,2.14
8/1/21,483068.0,198872752,7419.0,4254020,289178.0,129994389,64624343,6.13,0.09,1.54,2.14
8/2/21,571103.0,199443855,8151.0,4262171,283144.0,130277533,64904151,7.25,0.1,1.43,2.14
8/3/21,634275.0,200078130,10353.0,4272524,304468.0,130582001,65223605,8.05,0.13,1.63,2.14
8/4/21,680458.0,200758588,10492.0,4283016,317060.0,130899061,65576511,8.64,0.13,1.54,2.13
